timestamp,nbytes,opcode,reg,value,bytes
2026-02-17 20:31:12.471,8,138,34.0,1.0,00 20 8A 00 22 00 01 81
2026-02-17 20:31:12.960,8,138,54.0,1.0,00 20 8A 00 36 00 01 81
2026-02-17 20:31:13.471,8,138,34.0,1.0,00 20 8A 00 22 00 01 81
2026-02-17 20:31:13.969,8,138,34.0,1.0,00 20 8A 00 22 00 01 81
2026-02-17 20:31:14.467,8,138,34.0,1.0,00 20 8A 00 22 00 01 81
2026-02-17 20:31:14.978,8,138,37.0,1.0,00 20 8A 00 25 00 01 81
2026-02-17 20:31:15.473,8,138,34.0,1.0,00 20 8A 00 22 00 01 81
2026-02-17 20:31:15.972,8,138,34.0,1.0,00 20 8A 00 22 00 01 81
2026-02-17 20:31:16.469,7,138,35.0,385.0,00 20 8A 00 23 01 81
2026-02-17 20:31:16.969,8,138,35.0,1.0,00 20 8A 00 23 00 01 81
2026-02-17 20:31:17.468,8,138,35.0,1.0,00 20 8A 00 23 00 01 81
2026-02-17 20:31:17.965,8,138,34.0,1.0,00 20 8A 00 22 00 01 81
2026-02-17 20:31:18.478,8,138,29.0,1.0,00 20 8A 00 1D 00 01 81
2026-02-17 20:31:18.975,8,138,35.0,1.0,00 20 8A 00 23 00 01 81
2026-02-17 20:31:19.470,8,138,34.0,1.0,00 20 8A 00 22 00 01 7C
2026-02-17 20:31:19.970,8,138,40.0,1.0,00 20 8A 00 28 00 01 81
2026-02-17 20:31:20.469,8,138,28.0,1.0,00 20 8A 00 1C 00 01 81
2026-02-17 20:31:21.000,8,138,35.0,1.0,00 20 8A 00 23 00 01 81
2026-02-17 20:31:21.504,8,138,36.0,1.0,00 20 8A 00 24 00 01 81
2026-02-17 20:31:22.007,8,138,34.0,1.0,00 20 8A 00 22 00 01 81
2026-02-17 20:31:22.491,8,138,34.0,1.0,00 20 8A 00 22 00 01 81
2026-02-17 20:31:23.008,8,138,41.0,1.0,00 20 8A 00 29 00 01 81
2026-02-17 20:31:23.504,8,138,35.0,1.0,00 20 8A 00 23 00 01 81
2026-02-17 20:31:24.004,8,138,28.0,1.0,00 20 8A 00 1C 00 01 81
2026-02-17 20:31:24.503,8,138,35.0,1.0,00 20 8A 00 23 00 01 81
2026-02-17 20:31:24.997,8,138,35.0,1.0,00 20 8A 00 23 00 01 81
2026-02-17 20:31:25.512,8,138,35.0,1.0,00 20 8A 00 23 00 01 81
2026-02-17 20:31:25.995,8,138,32.0,1.0,00 20 8A 00 20 00 01 81
2026-02-17 20:31:26.503,8,138,35.0,1.0,00 20 8A 00 23 00 01 81
2026-02-17 20:31:27.013,6,49,,,00 20 31 24 01 81
2026-02-17 20:31:27.509,8,138,35.0,1.0,00 20 8A 00 23 00 01 81
2026-02-17 20:31:28.005,8,138,35.0,1.0,00 20 8A 00 23 00 01 81
2026-02-17 20:31:28.502,8,138,35.0,1.0,00 20 8A 00 23 00 01 81
2026-02-17 20:31:29.013,8,138,34.0,2.0,00 1F 8A 00 22 00 02 81
2026-02-17 20:31:29.512,8,138,34.0,1.0,00 20 8A 00 22 00 01 81
2026-02-17 20:31:30.009,8,138,42.0,1.0,00 20 8A 00 2A 00 01 81
2026-02-17 20:31:30.508,8,138,35.0,1.0,00 20 8A 00 23 00 01 81
2026-02-17 20:31:31.007,8,138,35.0,1.0,00 20 8A 00 23 00 01 81
2026-02-17 20:31:31.521,8,138,34.0,1.0,00 20 8A 00 22 00 01 81
2026-02-17 20:31:32.006,8,138,37.0,1.0,00 20 8A 00 25 00 01 81
2026-02-17 20:31:32.518,8,138,34.0,1.0,00 20 8A 00 22 00 01 81
2026-02-17 20:31:33.014,8,138,35.0,1.0,00 20 8A 00 23 00 01 81
2026-02-17 20:31:33.508,8,138,35.0,2.0,00 20 8A 00 23 00 02 81
2026-02-17 20:31:34.010,8,138,35.0,1.0,00 20 8A 00 23 00 01 81
2026-02-17 20:31:34.519,8,138,39.0,1.0,00 20 8A 00 27 00 01 81
2026-02-17 20:31:35.026,8,138,35.0,1.0,00 20 8A 00 23 00 01 81
2026-02-17 20:31:35.508,8,138,34.0,1.0,00 20 8A 00 22 00 01 81
2026-02-17 20:31:36.021,8,138,34.0,1.0,00 20 8A 00 22 00 01 81
2026-02-17 20:31:36.519,7,49,,,00 20 31 23 00 01 81
2026-02-17 20:31:37.015,8,138,35.0,1.0,00 20 8A 00 23 00 01 81
2026-02-17 20:31:37.513,7,138,8960.0,385.0,00 20 8A 23 00 01 81
2026-02-17 20:31:38.022,8,138,32.0,1.0,00 20 8A 00 20 00 01 81
2026-02-17 20:31:38.518,8,138,35.0,1.0,00 20 8A 00 23 00 01 81
2026-02-17 20:31:39.013,8,138,34.0,1.0,00 20 8A 00 22 00 01 81
2026-02-17 20:31:39.513,8,138,42.0,1.0,00 20 8A 00 2A 00 01 81
2026-02-17 20:31:40.025,8,138,33.0,1.0,00 20 8A 00 21 00 01 81
2026-02-17 20:31:40.525,8,138,34.0,1.0,00 20 8A 00 22 00 01 81
2026-02-17 20:31:41.020,8,138,38.0,1.0,00 20 8A 00 26 00 01 81
2026-02-17 20:31:41.521,8,138,34.0,1.0,00 20 8A 00 22 00 01 81
2026-02-17 20:31:42.021,8,138,35.0,1.0,00 20 8A 00 23 00 01 81
2026-02-17 20:31:42.519,8,138,38.0,1.0,00 20 8A 00 26 00 01 81
2026-02-17 20:31:43.016,8,138,33.0,1.0,00 20 8A 00 21 00 01 81
2026-02-17 20:31:43.528,8,138,32.0,1.0,00 20 8A 00 20 00 01 81
2026-02-17 20:31:44.025,8,138,34.0,1.0,00 20 8A 00 22 00 01 81
2026-02-17 20:31:44.523,8,138,40.0,1.0,00 20 8A 00 28 00 01 81
2026-02-17 20:31:45.024,8,138,34.0,1.0,00 20 8A 00 22 00 01 81
2026-02-17 20:31:45.536,8,138,42.0,1.0,00 20 8A 00 2A 00 01 81
2026-02-17 20:31:46.022,8,138,34.0,1.0,00 20 8A 00 22 00 01 81
2026-02-17 20:31:46.522,6,49,,,00 20 31 23 01 81
2026-02-17 20:31:47.033,8,138,37.0,1.0,00 20 8A 00 25 00 01 81
2026-02-17 20:31:47.533,8,138,37.0,1.0,00 20 8A 00 25 00 01 81
2026-02-17 20:31:48.029,8,138,38.0,1.0,00 20 8A 00 26 00 01 81
2026-02-17 20:31:48.529,8,138,35.0,1.0,00 20 8A 00 23 00 01 81
2026-02-17 20:31:49.042,8,138,35.0,1.0,00 20 8A 00 23 00 01 81
2026-02-17 20:31:49.523,8,138,33.0,1.0,00 20 8A 00 21 00 01 81
2026-02-17 20:31:50.036,8,138,25.0,1.0,00 20 8A 00 19 00 01 81
2026-02-17 20:31:50.535,8,138,35.0,1.0,00 20 8A 00 23 00 01 81
2026-02-17 20:31:51.032,8,138,35.0,1.0,00 20 8A 00 23 00 01 81
2026-02-17 20:31:51.531,8,138,34.0,1.0,00 20 8A 00 22 00 01 81
2026-02-17 20:31:52.041,8,138,34.0,1.0,00 20 8A 00 22 00 01 81
2026-02-17 20:31:52.538,8,138,35.0,1.0,00 20 8A 00 23 00 01 81
2026-02-17 20:31:53.037,8,138,34.0,1.0,00 20 8A 00 22 00 01 81
2026-02-17 20:31:53.535,8,138,28.0,1.0,00 20 8A 00 1C 00 01 81
2026-02-17 20:31:54.047,8,138,35.0,1.0,00 20 8A 00 23 00 01 81
2026-02-17 20:31:54.546,8,138,28.0,1.0,00 20 8A 00 1C 00 01 81
2026-02-17 20:31:55.046,8,138,33.0,1.0,00 20 8A 00 21 00 01 81
2026-02-17 20:31:55.549,8,138,37.0,1.0,00 20 8A 00 25 00 01 81
2026-02-17 20:31:56.051,8,138,34.0,1.0,00 20 8A 00 22 00 01 81
2026-02-17 20:31:56.548,7,49,,,00 20 31 22 00 01 81
2026-02-17 20:31:57.032,7,49,,,00 20 31 22 00 01 81
2026-02-17 20:31:57.548,8,138,35.0,1.0,00 20 8A 00 23 00 01 81
2026-02-17 20:31:58.046,8,138,35.0,64.0,00 20 8A 00 23 00 40 E0
2026-02-17 20:31:58.547,8,138,33.0,1.0,00 20 8A 00 21 00 01 81
2026-02-17 20:31:59.057,8,138,35.0,1.0,00 20 8A 00 23 00 01 81
2026-02-17 20:31:59.554,8,138,42.0,1.0,00 20 8A 00 2A 00 01 81
2026-02-17 20:32:00.055,8,138,35.0,1.0,00 20 8A 00 23 00 01 81
2026-02-17 20:32:00.540,8,138,34.0,1.0,00 20 8A 00 22 00 01 81
2026-02-17 20:32:01.053,8,138,37.0,1.0,00 20 8A 00 25 00 01 81
2026-02-17 20:32:01.551,8,138,37.0,1.0,00 20 8A 00 25 00 01 81
2026-02-17 20:32:02.050,8,138,39.0,1.0,00 20 8A 00 27 00 01 81
2026-02-17 20:32:02.551,8,138,35.0,1.0,00 20 8A 00 23 00 01 81
2026-02-17 20:32:03.049,8,138,35.0,1.0,00 20 8A 00 23 00 01 81
2026-02-17 20:32:03.546,6,49,,,00 20 31 21 01 81
2026-02-17 20:32:04.046,8,138,33.0,1.0,00 20 8A 00 21 00 01 81
2026-02-17 20:32:04.558,8,138,34.0,1.0,00 20 8A 00 22 00 01 81
2026-02-17 20:32:05.056,8,138,34.0,1.0,00 20 8A 00 22 00 01 81
2026-02-17 20:32:05.555,8,138,37.0,1.0,00 20 8A 00 25 00 01 81
2026-02-17 20:32:06.074,8,138,37.0,1.0,00 20 8A 00 25 00 01 81
2026-02-17 20:32:06.589,8,138,41.0,1.0,00 20 8A 00 29 00 01 81
2026-02-17 20:32:07.088,8,138,35.0,1.0,00 20 8A 00 23 00 01 81
2026-02-17 20:32:07.588,8,138,36.0,1.0,00 20 8A 00 24 00 01 81
2026-02-17 20:32:08.074,8,138,36.0,1.0,00 20 8A 00 24 00 01 81
2026-02-17 20:32:08.578,8,138,34.0,1.0,00 20 8A 00 22 00 01 81
2026-02-17 20:32:09.086,8,138,34.0,1.0,00 20 8A 00 22 00 01 81
2026-02-17 20:32:09.581,8,138,34.0,1.0,00 20 8A 00 22 00 01 81
2026-02-17 20:32:10.097,8,138,35.0,1.0,00 20 8A 00 23 00 01 81
2026-02-17 20:32:10.594,8,138,35.0,1.0,00 20 8A 00 23 00 01 81
2026-02-17 20:32:11.092,8,138,33.0,1.0,00 20 8A 00 21 00 01 81
2026-02-17 20:32:11.580,8,138,36.0,1.0,00 20 8A 00 24 00 01 81
2026-02-17 20:32:12.096,8,138,34.0,1.0,00 20 8A 00 22 00 01 81
2026-02-17 20:32:12.595,8,138,35.0,1.0,00 20 8A 00 23 00 01 81
2026-02-17 20:32:13.080,8,138,35.0,1.0,00 20 8A 00 23 00 01 81
2026-02-17 20:32:13.591,8,138,41.0,1.0,00 20 8A 00 29 00 01 81
2026-02-17 20:32:14.092,8,138,36.0,1.0,00 20 8A 00 24 00 01 81
2026-02-17 20:32:14.594,8,138,25.0,1.0,00 20 8A 00 19 00 01 81
2026-02-17 20:32:15.085,8,138,35.0,1.0,00 20 8A 00 23 00 01 81
2026-02-17 20:32:15.603,8,138,35.0,1.0,00 20 8A 00 23 00 01 81
2026-02-17 20:32:16.101,8,138,34.0,1.0,00 20 8A 00 22 00 01 81
2026-02-17 20:32:16.584,8,138,34.0,1.0,00 20 8A 00 22 00 01 81
2026-02-17 20:32:17.096,8,138,34.0,1.0,00 20 8A 00 22 00 01 81
2026-02-17 20:32:17.593,8,138,29.0,1.0,00 20 8A 00 1D 00 01 81
2026-02-17 20:32:18.093,8,138,34.0,1.0,00 1F 8A 00 22 00 01 81
2026-02-17 20:32:18.604,8,138,34.0,1.0,00 20 8A 00 22 00 01 81
2026-02-17 20:32:19.101,8,138,35.0,1.0,00 20 8A 00 23 00 01 81
2026-02-17 20:32:19.598,8,138,36.0,1.0,00 20 8A 00 24 00 01 81
2026-02-17 20:32:20.093,8,138,41.0,64.0,00 20 8A 00 29 00 40 E0
2026-02-17 20:32:20.609,8,138,35.0,1.0,00 20 8A 00 23 00 01 81
2026-02-17 20:32:21.105,8,138,35.0,1.0,00 20 8A 00 23 00 01 81
2026-02-17 20:32:21.604,8,138,41.0,1.0,00 20 8A 00 29 00 01 81
2026-02-17 20:32:22.098,8,138,34.0,1.0,00 20 8A 00 22 00 01 81
2026-02-17 20:32:22.609,8,138,35.0,1.0,00 20 8A 00 23 00 01 81
2026-02-17 20:32:23.106,8,138,40.0,1.0,00 20 8A 00 28 00 01 81
2026-02-17 20:32:23.605,8,138,35.0,1.0,00 20 8A 00 23 00 01 81
2026-02-17 20:32:24.100,8,138,28.0,1.0,00 20 8A 00 1C 00 01 81
2026-02-17 20:32:24.595,8,138,34.0,1.0,00 20 8A 00 22 00 01 81
2026-02-17 20:32:25.109,8,138,34.0,1.0,00 20 8A 00 22 00 01 81
2026-02-17 20:32:25.606,8,138,35.0,1.0,00 20 8A 00 23 00 01 81
2026-02-17 20:32:26.103,8,138,35.0,1.0,00 1D 8A 00 23 00 01 81
2026-02-17 20:32:26.609,8,138,28.0,1.0,00 20 8A 00 1C 00 01 81
2026-02-17 20:32:27.107,8,138,34.0,1.0,00 20 8A 00 22 00 01 81
2026-02-17 20:32:27.609,8,138,34.0,1.0,00 20 8A 00 22 00 01 81
2026-02-17 20:32:28.112,8,138,34.0,1.0,00 20 8A 00 22 00 01 81
2026-02-17 20:32:28.611,8,138,35.0,1.0,00 20 8A 00 23 00 01 81
2026-02-17 20:32:29.111,8,138,36.0,2.0,00 20 8A 00 24 00 02 81
2026-02-17 20:32:29.614,8,138,31.0,1.0,00 20 8A 00 1F 00 01 81
2026-02-17 20:32:30.112,8,138,37.0,1.0,00 20 8A 00 25 00 01 81
2026-02-17 20:32:30.610,8,138,32.0,2.0,00 20 8A 00 20 00 02 81
2026-02-17 20:32:31.112,8,138,34.0,1.0,00 20 8A 00 22 00 01 81
2026-02-17 20:32:31.607,7,49,,,00 20 31 22 00 01 81
2026-02-17 20:32:32.109,8,138,35.0,1.0,00 20 8A 00 23 00 01 81
2026-02-17 20:32:32.624,8,138,28.0,1.0,00 20 8A 00 1C 00 01 81
2026-02-17 20:32:33.110,8,138,33.0,1.0,00 20 8A 00 21 00 01 81
2026-02-17 20:32:33.611,8,138,34.0,1.0,00 20 8A 00 22 00 01 81
2026-02-17 20:32:34.113,8,138,37.0,1.0,00 20 8A 00 25 00 01 81
2026-02-17 20:32:34.626,8,138,35.0,1.0,00 20 8A 00 23 00 01 81
2026-02-17 20:32:35.109,8,138,31.0,1.0,00 20 8A 00 1F 00 01 81
2026-02-17 20:32:35.611,8,138,34.0,1.0,00 20 8A 00 22 00 01 81
2026-02-17 20:32:36.124,8,138,34.0,1.0,00 20 8A 00 22 00 01 81
2026-02-17 20:32:36.623,8,138,35.0,1.0,00 20 8A 00 23 00 01 81
2026-02-17 20:32:37.121,7,138,35.0,385.0,00 20 8A 00 23 01 81
2026-02-17 20:32:37.611,8,138,35.0,1.0,00 20 8A 00 23 00 01 81
2026-02-17 20:32:38.131,8,138,35.0,1.0,00 20 8A 00 23 00 01 81
2026-02-17 20:32:38.615,8,138,35.0,1.0,00 20 8A 00 23 00 01 81
2026-02-17 20:32:39.117,8,138,41.0,1.0,00 20 8A 00 29 00 01 81
2026-02-17 20:32:39.630,8,138,41.0,1.0,00 20 8A 00 29 00 01 81
2026-02-17 20:32:40.131,8,138,38.0,1.0,00 20 8A 00 26 00 01 81
2026-02-17 20:32:40.631,8,138,35.0,1.0,00 20 8A 00 23 00 01 81
2026-02-17 20:32:41.128,8,138,35.0,1.0,00 20 8A 00 23 00 01 81
2026-02-17 20:32:41.626,8,138,34.0,1.0,00 20 8A 00 22 00 01 81
2026-02-17 20:32:42.125,8,138,35.0,1.0,00 20 8A 00 23 00 01 81
2026-02-17 20:32:42.628,8,138,34.0,1.0,00 20 8A 00 22 00 01 81
2026-02-17 20:32:43.130,8,138,34.0,1.0,00 20 8A 00 22 00 01 81
2026-02-17 20:32:43.632,8,138,41.0,1.0,00 20 8A 00 29 00 01 81
2026-02-17 20:32:44.132,8,138,35.0,1.0,00 20 8A 00 23 00 01 81
2026-02-17 20:32:44.638,8,138,35.0,1.0,00 20 8A 00 23 00 01 81
2026-02-17 20:32:45.123,8,138,37.0,1.0,00 20 8A 00 25 00 01 81
2026-02-17 20:32:45.627,8,138,33.0,1.0,00 20 8A 00 21 00 01 81
2026-02-17 20:32:46.124,8,138,35.0,1.0,00 20 8A 00 23 00 01 81
2026-02-17 20:32:46.643,8,138,34.0,1.0,00 20 8A 00 22 00 01 81
2026-02-17 20:32:47.125,8,138,35.0,1.0,00 20 8A 00 23 00 01 81
2026-02-17 20:32:47.639,8,138,34.0,1.0,00 20 8A 00 22 00 01 81
2026-02-17 20:32:48.139,8,138,35.0,1.0,00 20 8A 00 23 00 01 81
2026-02-17 20:32:48.638,8,138,34.0,1.0,00 20 8A 00 22 00 01 81
2026-02-17 20:32:49.139,8,138,36.0,1.0,00 20 8A 00 24 00 01 81
2026-02-17 20:32:49.639,8,138,35.0,1.0,00 20 8A 00 23 00 01 81
2026-02-17 20:32:50.139,8,138,30.0,1.0,00 20 8A 00 1E 00 01 81
2026-02-17 20:32:50.645,8,138,35.0,1.0,00 20 8A 00 23 00 01 81
2026-02-17 20:32:51.169,8,138,34.0,1.0,00 20 8A 00 22 00 01 81
2026-02-17 20:32:51.670,8,138,37.0,1.0,00 20 8A 00 25 00 01 81
2026-02-17 20:32:52.168,8,138,34.0,1.0,00 20 8A 00 22 00 01 81
2026-02-17 20:32:52.664,8,138,37.0,1.0,00 20 8A 00 25 00 01 81
2026-02-17 20:32:53.163,8,138,36.0,1.0,00 1F 8A 00 24 00 01 81
2026-02-17 20:32:53.659,8,138,35.0,1.0,00 20 8A 00 23 00 01 81
2026-02-17 20:32:54.174,8,138,35.0,1.0,00 20 8A 00 23 00 01 81
2026-02-17 20:32:54.673,8,138,35.0,1.0,00 20 8A 00 23 00 01 81
2026-02-17 20:32:55.174,8,138,34.0,1.0,00 20 8A 00 22 00 01 81
2026-02-17 20:32:55.657,8,138,35.0,1.0,00 1F 8A 00 23 00 01 81
2026-02-17 20:32:56.169,8,138,36.0,1.0,00 20 8A 00 24 00 01 81
2026-02-17 20:32:56.670,8,138,31.0,1.0,00 20 8A 00 1F 00 01 81
2026-02-17 20:32:57.172,8,138,35.0,1.0,00 20 8A 00 23 00 01 82
2026-02-17 20:32:57.670,8,138,35.0,1.0,00 20 8A 00 23 00 01 81
2026-02-17 20:32:58.166,8,138,34.0,1.0,00 20 8A 00 22 00 01 81
2026-02-17 20:32:58.676,8,138,34.0,1.0,00 20 8A 00 22 00 01 81
2026-02-17 20:32:59.185,8,138,34.0,2.0,00 20 8A 00 22 00 02 81
2026-02-17 20:32:59.669,8,138,34.0,1.0,00 20 8A 00 22 00 01 81
2026-02-17 20:33:00.183,8,138,34.0,2.0,00 20 8A 00 22 00 02 81
2026-02-17 20:33:00.666,8,138,35.0,1.0,00 1F 8A 00 23 00 01 81
2026-02-17 20:33:01.178,8,138,35.0,1.0,00 20 8A 00 23 00 01 81
2026-02-17 20:33:01.670,7,49,,,00 20 31 23 00 01 81
2026-02-17 20:33:02.183,8,138,34.0,1.0,00 20 8A 00 22 00 01 81
2026-02-17 20:33:02.679,7,138,35.0,385.0,00 20 8A 00 23 01 81
2026-02-17 20:33:03.177,8,138,42.0,1.0,00 20 8A 00 2A 00 01 81
2026-02-17 20:33:03.678,8,138,42.0,1.0,00 20 8A 00 2A 00 01 81
2026-02-17 20:33:04.178,8,138,35.0,1.0,00 20 8A 00 23 00 01 81
2026-02-17 20:33:04.677,8,138,34.0,1.0,00 20 8A 00 22 00 01 81
2026-02-17 20:33:05.178,8,138,36.0,2.0,00 20 8A 00 24 00 02 81
2026-02-17 20:33:05.678,8,138,34.0,1.0,00 20 8A 00 22 00 01 81
2026-02-17 20:33:06.196,8,138,34.0,1.0,00 20 8A 00 22 00 01 81
2026-02-17 20:33:06.681,8,138,36.0,1.0,00 1F 8A 00 24 00 01 81
2026-02-17 20:33:07.177,8,138,35.0,1.0,00 20 8A 00 23 00 01 81
2026-02-17 20:33:07.675,8,138,35.0,1.0,00 20 8A 00 23 00 01 81
2026-02-17 20:33:08.192,8,138,34.0,1.0,00 20 8A 00 22 00 01 81
2026-02-17 20:33:08.679,8,138,38.0,1.0,00 20 8A 00 26 00 01 81
2026-02-17 20:33:09.179,8,138,38.0,1.0,00 20 8A 00 26 00 01 81
2026-02-17 20:33:09.692,8,138,35.0,1.0,00 20 8A 00 23 00 01 81
2026-02-17 20:33:10.190,8,138,34.0,1.0,00 20 8A 00 22 00 01 81
2026-02-17 20:33:10.692,8,138,34.0,1.0,00 20 8A 00 22 00 01 81
2026-02-17 20:33:11.191,8,138,34.0,1.0,00 20 8A 00 22 00 01 81
2026-02-17 20:33:11.692,8,138,33.0,1.0,00 20 8A 00 21 00 01 81
2026-02-17 20:33:12.181,8,138,35.0,1.0,00 20 8A 00 23 00 01 81
2026-02-17 20:33:12.685,8,138,34.0,1.0,00 20 8A 00 22 00 01 81
2026-02-17 20:33:13.198,8,138,35.0,1.0,00 20 8A 00 23 00 01 81
2026-02-17 20:33:13.698,8,138,35.0,1.0,00 20 8A 00 23 00 01 81
2026-02-17 20:33:14.194,8,138,38.0,1.0,00 20 8A 00 26 00 01 81
2026-02-17 20:33:14.695,8,138,35.0,1.0,00 20 8A 00 23 00 01 81
2026-02-17 20:33:15.200,8,138,28.0,1.0,00 20 8A 00 1C 00 01 81
2026-02-17 20:33:15.685,8,138,43.0,1.0,00 20 8A 00 2B 00 01 81
2026-02-17 20:33:16.198,8,138,29.0,1.0,00 20 8A 00 1D 00 01 81
2026-02-17 20:33:16.697,8,138,34.0,1.0,00 20 8A 00 22 00 01 81
2026-02-17 20:33:17.196,8,138,35.0,1.0,00 20 8A 00 23 00 01 81
2026-02-17 20:33:17.699,8,138,35.0,1.0,00 20 8A 00 23 00 01 81
2026-02-17 20:33:18.188,8,138,28.0,1.0,00 20 8A 00 1C 00 01 81
2026-02-17 20:33:18.703,8,138,41.0,1.0,00 20 8A 00 29 00 01 81
2026-02-17 20:33:19.203,8,138,34.0,1.0,00 20 8A 00 22 00 01 81
2026-02-17 20:33:19.689,8,138,34.0,1.0,00 20 8A 00 22 00 01 81
2026-02-17 20:33:20.208,8,138,35.0,1.0,00 20 8A 00 23 00 01 81
2026-02-17 20:33:20.696,8,138,34.0,1.0,00 20 8A 00 22 00 01 81
2026-02-17 20:33:21.196,8,138,36.0,1.0,00 20 8A 00 24 00 01 81
2026-02-17 20:33:21.713,8,138,33.0,1.0,00 20 8A 00 21 00 01 81
2026-02-17 20:33:22.209,8,138,41.0,1.0,00 20 8A 00 29 00 01 81
2026-02-17 20:33:22.708,8,138,33.0,1.0,00 20 8A 00 21 00 01 81
2026-02-17 20:33:23.192,8,138,37.0,1.0,00 20 8A 00 25 00 01 81
2026-02-17 20:33:23.712,8,138,34.0,1.0,00 20 8A 00 22 00 01 81
2026-02-17 20:33:24.199,7,138,34.0,385.0,00 20 8A 00 22 01 81
2026-02-17 20:33:24.699,8,138,35.0,1.0,00 20 8A 00 23 00 01 81
2026-02-17 20:33:25.215,8,138,28.0,1.0,00 20 8A 00 1C 00 01 81
2026-02-17 20:33:25.713,8,138,35.0,1.0,00 20 8A 00 23 00 01 81
2026-02-17 20:33:26.201,8,138,35.0,1.0,00 20 8A 00 23 00 01 81
2026-02-17 20:33:26.705,8,138,35.0,1.0,00 20 8A 00 23 00 01 81
2026-02-17 20:33:27.205,8,138,35.0,2.0,00 20 8A 00 23 00 02 81
2026-02-17 20:33:27.706,8,138,35.0,1.0,00 20 8A 00 23 00 01 81
2026-02-17 20:33:28.204,8,138,35.0,1.0,00 20 8A 00 23 00 01 81
2026-02-17 20:33:28.718,8,138,34.0,1.0,00 20 8A 00 22 00 01 81
2026-02-17 20:33:29.206,8,138,34.0,1.0,00 20 8A 00 22 00 01 81
2026-02-17 20:33:29.719,7,138,7168.0,385.0,00 20 8A 1C 00 01 81
2026-02-17 20:33:30.203,8,138,28.0,1.0,00 20 8A 00 1C 00 01 81
2026-02-17 20:33:30.718,7,138,35.0,385.0,00 20 8A 00 23 01 81
2026-02-17 20:33:31.215,8,138,36.0,1.0,00 20 8A 00 24 00 01 81
2026-02-17 20:33:31.713,8,138,33.0,1.0,00 20 8A 00 21 00 01 81
2026-02-17 20:33:32.226,8,138,34.0,1.0,00 20 8A 00 22 00 01 81
2026-02-17 20:33:32.709,8,138,34.0,64.0,00 20 8A 00 22 00 40 E0
2026-02-17 20:33:33.211,8,138,35.0,1.0,00 20 8A 00 23 00 01 81
2026-02-17 20:33:33.714,8,138,35.0,1.0,00 20 8A 00 23 00 01 81
2026-02-17 20:33:34.215,8,138,34.0,1.0,00 20 8A 00 22 00 01 81
2026-02-17 20:33:34.717,8,138,35.0,1.0,00 20 8A 00 23 00 01 81
2026-02-17 20:33:35.221,8,138,34.0,1.0,00 20 8A 00 22 00 01 81
2026-02-17 20:33:35.719,8,138,36.0,1.0,00 20 8A 00 24 00 01 81
2026-02-17 20:33:36.251,8,138,34.0,1.0,00 20 8A 00 22 00 01 81
2026-02-17 20:33:36.754,8,138,34.0,1.0,00 20 8A 00 22 00 01 81
2026-02-17 20:33:37.241,8,138,35.0,1.0,00 20 8A 00 23 00 01 81
2026-02-17 20:33:37.744,8,138,38.0,1.0,00 20 8A 00 26 00 01 81
2026-02-17 20:33:38.247,8,138,42.0,1.0,00 20 8A 00 2A 00 01 81
2026-02-17 20:33:38.749,8,138,34.0,1.0,00 22 8A 00 22 00 01 81
2026-02-17 20:33:39.250,6,49,,,00 20 31 23 01 81
2026-02-17 20:33:39.750,8,138,40.0,1.0,00 20 8A 00 28 00 01 81
2026-02-17 20:33:40.250,8,138,35.0,1.0,00 20 8A 00 23 00 01 81
2026-02-17 20:33:40.757,8,138,37.0,1.0,00 20 8A 00 25 00 01 81
2026-02-17 20:33:41.244,8,138,31.0,1.0,00 20 8A 00 1F 00 01 81
2026-02-17 20:33:41.751,8,138,41.0,1.0,00 20 8A 00 29 00 01 81
2026-02-17 20:33:42.258,8,138,35.0,1.0,00 20 8A 00 23 00 01 81
2026-02-17 20:33:42.747,8,138,36.0,1.0,00 20 8A 00 24 00 01 81
2026-02-17 20:33:43.267,8,138,35.0,1.0,00 20 8A 00 23 00 01 81
2026-02-17 20:33:43.756,8,138,41.0,1.0,00 20 8A 00 29 00 01 81
2026-02-17 20:33:44.255,8,138,34.0,1.0,00 20 8A 00 22 00 01 81
2026-02-17 20:33:44.754,8,138,35.0,1.0,00 20 8A 00 23 00 01 81
2026-02-17 20:33:45.258,8,138,29.0,1.0,00 20 8A 00 1D 00 01 81
2026-02-17 20:33:45.749,8,138,30.0,1.0,00 20 8A 00 1E 00 01 81
2026-02-17 20:33:46.250,8,138,35.0,1.0,00 20 8A 00 23 00 01 81
2026-02-17 20:33:46.767,8,138,34.0,1.0,00 20 8A 00 22 00 01 81
2026-02-17 20:33:47.255,8,138,37.0,1.0,00 20 8A 00 25 00 01 81
2026-02-17 20:33:47.752,8,138,35.0,1.0,00 20 8A 00 23 00 01 81
2026-02-17 20:33:48.250,8,138,37.0,2.0,00 20 8A 00 25 00 02 81
2026-02-17 20:33:48.768,8,138,37.0,1.0,00 20 8A 00 25 00 01 81
2026-02-17 20:33:49.266,8,138,35.0,1.0,00 20 8A 00 23 00 01 81
2026-02-17 20:33:49.754,8,138,36.0,1.0,00 20 8A 00 24 00 01 81
2026-02-17 20:33:50.273,8,138,34.0,2.0,00 20 8A 00 22 00 02 81
2026-02-17 20:33:50.763,8,138,35.0,1.0,00 20 8A 00 23 00 01 81
2026-02-17 20:33:51.266,8,138,39.0,1.0,00 20 8A 00 27 00 01 81
2026-02-17 20:33:51.752,8,138,35.0,2.0,00 20 8A 00 23 00 02 81
2026-02-17 20:33:52.273,8,138,35.0,1.0,00 20 8A 00 23 00 01 81
2026-02-17 20:33:52.762,8,138,35.0,2.0,00 20 8A 00 23 00 02 79
2026-02-17 20:33:53.265,8,138,34.0,1.0,00 20 8A 00 22 00 01 82
2026-02-17 20:33:53.765,8,138,33.0,1.0,00 20 8A 00 21 00 01 81
2026-02-17 20:33:54.268,8,138,35.0,1.0,00 20 8A 00 23 00 01 81
2026-02-17 20:33:54.769,8,138,36.0,1.0,00 20 8A 00 24 00 01 81
2026-02-17 20:33:55.267,8,138,34.0,1.0,00 20 8A 00 22 00 01 81
2026-02-17 20:33:55.766,8,138,37.0,1.0,00 20 8A 00 25 00 01 81
2026-02-17 20:33:56.268,8,138,38.0,1.0,00 20 8A 00 26 00 01 81
2026-02-17 20:33:56.771,8,138,34.0,1.0,00 20 8A 00 22 00 01 81
2026-02-17 20:33:57.275,8,138,34.0,1.0,00 20 8A 00 22 00 01 81
2026-02-17 20:33:57.766,8,138,34.0,1.0,00 20 8A 00 22 00 01 81
2026-02-17 20:33:58.270,8,138,35.0,1.0,00 20 8A 00 23 00 01 81
2026-02-17 20:33:58.774,8,138,32.0,1.0,00 20 8A 00 20 00 01 81
2026-02-17 20:33:59.280,8,138,35.0,1.0,00 20 8A 00 23 00 01 81
2026-02-17 20:33:59.768,8,138,35.0,1.0,00 20 8A 00 23 00 01 81
2026-02-17 20:34:00.268,8,138,44.0,1.0,00 20 8A 00 2C 00 01 81
2026-02-17 20:34:00.774,8,138,34.0,1.0,00 20 8A 00 22 00 01 81
2026-02-17 20:34:01.275,8,138,34.0,1.0,00 20 8A 00 22 00 01 81
2026-02-17 20:34:01.774,8,138,37.0,1.0,00 20 8A 00 25 00 01 81
2026-02-17 20:34:02.288,8,138,35.0,1.0,00 20 8A 00 23 00 01 81
2026-02-17 20:34:02.776,8,138,34.0,1.0,00 20 8A 00 22 00 01 81
2026-02-17 20:34:03.281,7,49,,,00 20 31 22 00 01 81
2026-02-17 20:34:03.768,8,138,35.0,1.0,00 20 8A 00 23 00 01 81
2026-02-17 20:34:04.287,8,138,35.0,1.0,00 20 8A 00 23 00 01 81
2026-02-17 20:34:04.775,8,138,34.0,1.0,00 20 8A 00 22 00 01 81
2026-02-17 20:34:05.276,8,138,35.0,1.0,00 20 8A 00 23 00 01 81
2026-02-17 20:34:05.794,7,138,35.0,385.0,00 20 8A 00 23 01 81
2026-02-17 20:34:06.281,8,138,35.0,1.0,00 20 8A 00 23 00 01 81
2026-02-17 20:34:06.780,8,138,34.0,1.0,00 20 8A 00 22 00 01 81
2026-02-17 20:34:07.285,8,138,35.0,2.0,00 20 8A 00 23 00 02 81
2026-02-17 20:34:07.790,8,138,34.0,1.0,00 20 8A 00 22 00 01 81
2026-02-17 20:34:08.275,8,138,34.0,1.0,00 20 8A 00 22 00 01 81
2026-02-17 20:34:08.790,8,138,34.0,1.0,00 20 8A 00 22 00 01 81
2026-02-17 20:34:09.288,8,138,35.0,1.0,00 1F 8A 00 23 00 01 81
2026-02-17 20:34:09.787,8,138,33.0,1.0,00 20 8A 00 21 00 01 81
2026-02-17 20:34:10.289,8,138,36.0,1.0,00 20 8A 00 24 00 01 81
2026-02-17 20:34:10.788,8,138,34.0,1.0,00 20 8A 00 22 00 01 81
2026-02-17 20:34:11.288,8,138,35.0,1.0,00 20 8A 00 23 00 01 81
2026-02-17 20:34:11.786,8,138,35.0,1.0,00 20 8A 00 23 00 01 81
2026-02-17 20:34:12.286,8,138,35.0,1.0,00 20 8A 00 23 00 01 81
2026-02-17 20:34:12.791,8,138,35.0,1.0,00 20 8A 00 23 00 01 81
2026-02-17 20:34:13.299,8,138,33.0,1.0,00 20 8A 00 21 00 01 81
2026-02-17 20:34:13.790,8,138,35.0,1.0,00 20 8A 00 23 00 01 81
2026-02-17 20:34:14.294,8,138,33.0,1.0,00 20 8A 00 21 00 01 81
2026-02-17 20:34:14.796,8,138,33.0,1.0,00 20 8A 00 21 00 01 81
2026-02-17 20:34:15.296,8,138,34.0,1.0,00 20 8A 00 22 00 01 81
2026-02-17 20:34:15.784,8,138,36.0,1.0,00 20 8A 00 24 00 01 81
2026-02-17 20:34:16.299,8,138,35.0,1.0,00 20 8A 00 23 00 01 81
2026-02-17 20:34:16.800,8,138,34.0,1.0,00 20 8A 00 22 00 01 81
2026-02-17 20:34:17.288,8,138,36.0,1.0,00 20 8A 00 24 00 01 81
2026-02-17 20:34:17.790,8,138,34.0,1.0,00 20 8A 00 22 00 01 81
2026-02-17 20:34:18.294,8,138,35.0,1.0,00 20 8A 00 23 00 01 81
2026-02-17 20:34:18.798,8,138,35.0,1.0,00 1F 8A 00 23 00 01 81
2026-02-17 20:34:19.303,8,138,33.0,1.0,00 20 8A 00 21 00 01 81
2026-02-17 20:34:19.809,8,138,34.0,1.0,00 20 8A 00 22 00 01 81
2026-02-17 20:34:20.298,8,138,34.0,1.0,00 20 8A 00 22 00 01 81
2026-02-17 20:34:20.799,8,138,33.0,1.0,00 20 8A 00 21 00 01 81
2026-02-17 20:34:21.329,8,138,34.0,1.0,00 20 8A 00 22 00 01 81
2026-02-17 20:34:21.828,8,138,35.0,1.0,00 20 8A 00 23 00 01 81
2026-02-17 20:34:22.323,8,138,36.0,1.0,00 20 8A 00 24 00 01 81
2026-02-17 20:34:22.826,8,138,34.0,1.0,00 20 8A 00 22 00 01 81
2026-02-17 20:34:23.329,8,138,36.0,2.0,00 20 8A 00 24 00 02 81
2026-02-17 20:34:23.829,8,138,35.0,1.0,00 20 8A 00 23 00 01 81
2026-02-17 20:34:24.330,8,138,36.0,1.0,00 20 8A 00 24 00 01 81
2026-02-17 20:34:24.836,8,138,35.0,1.0,00 20 8A 00 23 00 01 81
2026-02-17 20:34:25.323,8,138,35.0,1.0,00 20 8A 00 23 00 01 81
2026-02-17 20:34:25.839,8,138,35.0,1.0,00 20 8A 00 23 00 01 81
2026-02-17 20:34:26.326,8,138,37.0,1.0,00 20 8A 00 25 00 01 81
2026-02-17 20:34:26.826,8,138,36.0,1.0,00 20 8A 00 24 00 01 81
2026-02-17 20:34:27.344,8,138,34.0,1.0,00 20 8A 00 22 00 01 81
2026-02-17 20:34:27.842,8,138,35.0,1.0,00 20 8A 00 23 00 01 81
2026-02-17 20:34:28.339,8,138,33.0,1.0,00 20 8A 00 21 00 01 81
2026-02-17 20:34:28.828,8,138,35.0,1.0,00 20 8A 00 23 00 01 81
2026-02-17 20:34:29.345,8,138,34.0,1.0,00 20 8A 00 22 00 01 81
2026-02-17 20:34:29.833,8,138,34.0,1.0,00 20 8A 00 22 00 01 81
2026-02-17 20:34:30.336,8,138,34.0,1.0,00 20 8A 00 22 00 01 81
2026-02-17 20:34:30.840,8,138,35.0,1.0,00 20 8A 00 23 00 01 81
2026-02-17 20:34:31.340,8,138,35.0,1.0,00 20 8A 00 23 00 01 81
2026-02-17 20:34:31.837,8,138,36.0,1.0,00 20 8A 00 24 00 01 81
2026-02-17 20:34:32.334,8,138,33.0,1.0,00 20 8A 00 21 00 01 81
2026-02-17 20:34:32.835,8,138,35.0,1.0,00 20 8A 00 23 00 01 81
2026-02-17 20:34:33.338,8,138,41.0,1.0,00 20 8A 00 29 00 01 81
2026-02-17 20:34:33.832,8,138,34.0,1.0,00 20 8A 00 22 00 01 81
2026-02-17 20:34:34.344,8,138,42.0,1.0,00 20 8A 00 2A 00 01 81
2026-02-17 20:34:34.837,6,138,,,00 20 8A 23 01 81
2026-02-17 20:34:35.349,8,138,35.0,2.0,00 20 8A 00 23 00 02 81
2026-02-17 20:34:35.847,8,138,34.0,1.0,00 20 8A 00 22 00 01 81
2026-02-17 20:34:36.344,8,138,35.0,1.0,00 20 8A 00 23 00 01 81
2026-02-17 20:34:36.841,8,138,37.0,1.0,00 20 8A 00 25 00 01 81
2026-02-17 20:34:37.339,8,138,34.0,1.0,00 20 8A 00 22 00 01 81
2026-02-17 20:34:37.854,8,138,35.0,1.0,00 20 8A 00 23 00 01 81
2026-02-17 20:34:38.365,8,138,42.0,1.0,00 20 8A 00 2A 00 01 81
2026-02-17 20:34:38.862,8,138,35.0,1.0,00 20 8A 00 23 00 01 81
2026-02-17 20:34:39.359,8,138,36.0,1.0,00 20 8A 00 24 00 01 81
2026-02-17 20:34:39.859,8,138,34.0,1.0,00 20 8A 00 22 00 01 81
2026-02-17 20:34:40.357,8,138,33.0,1.0,00 20 8A 00 21 00 01 81
2026-02-17 20:34:40.857,8,138,36.0,1.0,00 20 8A 00 24 00 01 81
2026-02-17 20:34:41.355,8,138,35.0,1.0,00 20 8A 00 23 00 01 81
2026-02-17 20:34:41.870,8,138,36.0,1.0,00 20 8A 00 24 00 01 81
2026-02-17 20:34:42.355,8,138,28.0,1.0,00 20 8A 00 1C 00 01 81
2026-02-17 20:34:42.868,8,138,34.0,1.0,00 20 8A 00 22 00 01 81
2026-02-17 20:34:43.365,8,138,35.0,1.0,00 20 8A 00 23 00 01 81
2026-02-17 20:34:43.865,8,138,42.0,1.0,00 20 8A 00 2A 00 01 81
2026-02-17 20:34:44.365,8,138,35.0,1.0,00 20 8A 00 23 00 01 81
2026-02-17 20:34:44.861,8,138,28.0,1.0,00 20 8A 00 1C 00 01 81
2026-02-17 20:34:45.379,8,138,37.0,1.0,00 20 8A 00 25 00 01 81
2026-02-17 20:34:45.862,8,138,37.0,1.0,00 20 8A 00 25 00 01 81
2026-02-17 20:34:46.362,8,138,36.0,1.0,00 20 8A 00 24 00 01 81
2026-02-17 20:34:46.861,8,138,35.0,1.0,00 20 8A 00 23 00 01 81
2026-02-17 20:34:47.375,8,138,33.0,1.0,00 20 8A 00 21 00 01 81
2026-02-17 20:34:47.872,8,138,34.0,1.0,00 20 8A 00 22 00 01 81
2026-02-17 20:34:48.370,8,138,35.0,1.0,00 20 8A 00 23 00 01 81
2026-02-17 20:34:48.884,8,138,35.0,1.0,00 20 8A 00 23 00 01 81
2026-02-17 20:34:49.399,8,138,42.0,1.0,00 20 8A 00 2A 00 01 81
2026-02-17 20:34:49.885,8,138,38.0,1.0,00 20 8A 00 26 00 01 81
2026-02-17 20:34:50.384,8,138,34.0,1.0,00 20 8A 00 22 00 01 81
2026-02-17 20:34:50.884,8,138,36.0,1.0,00 20 8A 00 24 00 01 81
2026-02-17 20:34:51.382,8,138,35.0,1.0,00 20 8A 00 23 00 01 81
2026-02-17 20:34:51.878,8,138,34.0,1.0,00 20 8A 00 22 00 01 81
2026-02-17 20:34:52.379,8,138,35.0,1.0,00 20 8A 00 23 00 01 81
2026-02-17 20:34:52.894,8,138,37.0,1.0,00 20 8A 00 25 00 01 81
2026-02-17 20:34:53.392,8,138,35.0,1.0,00 20 8A 00 23 00 01 81
2026-02-17 20:34:53.893,8,138,35.0,1.0,00 20 8A 00 23 00 01 81
2026-02-17 20:34:54.377,8,138,34.0,1.0,00 20 8A 00 22 00 01 81
2026-02-17 20:34:54.892,8,138,35.0,1.0,00 20 8A 00 23 00 01 81
2026-02-17 20:34:55.391,8,138,35.0,1.0,00 20 8A 00 23 00 01 81
2026-02-17 20:34:55.891,8,138,31.0,1.0,00 20 8A 00 1F 00 01 81
2026-02-17 20:34:56.400,8,138,37.0,1.0,00 20 8A 00 25 00 01 81
2026-02-17 20:34:56.884,8,138,36.0,1.0,00 20 8A 00 24 00 01 81
2026-02-17 20:34:57.384,8,138,34.0,2.0,00 20 8A 00 22 00 02 81
2026-02-17 20:34:57.886,8,138,35.0,1.0,00 20 8A 00 23 00 01 81
2026-02-17 20:34:58.388,8,138,34.0,2.0,00 20 8A 00 22 00 02 81
2026-02-17 20:34:58.889,8,138,35.0,1.0,00 20 8A 00 23 00 01 81
2026-02-17 20:34:59.387,8,138,34.0,2.0,00 20 8A 00 22 00 02 81
2026-02-17 20:34:59.903,8,138,41.0,1.0,00 20 8A 00 29 00 01 81
2026-02-17 20:35:00.391,8,138,35.0,1.0,00 20 8A 00 23 00 01 81
2026-02-17 20:35:00.891,7,138,34.0,385.0,00 20 8A 00 22 01 81
2026-02-17 20:35:01.389,8,138,35.0,1.0,00 20 8A 00 23 00 01 81
2026-02-17 20:35:01.892,8,138,35.0,1.0,00 20 8A 00 23 00 01 81
2026-02-17 20:35:02.392,8,138,28.0,1.0,00 20 8A 00 1C 00 01 81
2026-02-17 20:35:02.896,8,138,36.0,1.0,00 20 8A 00 24 00 01 81
2026-02-17 20:35:03.396,8,138,34.0,1.0,00 20 8A 00 22 00 01 81
2026-02-17 20:35:03.892,8,138,35.0,1.0,00 20 8A 00 23 00 01 81
2026-02-17 20:35:04.406,8,138,35.0,1.0,00 20 8A 00 23 00 01 81
2026-02-17 20:35:04.896,8,138,34.0,2.0,00 20 8A 00 22 00 02 81
2026-02-17 20:35:05.394,8,138,35.0,1.0,00 1F 8A 00 23 00 01 81
2026-02-17 20:35:05.894,8,138,35.0,1.0,00 20 8A 00 23 00 01 81
2026-02-17 20:35:06.424,8,138,34.0,2.0,00 20 8A 00 22 00 02 81
2026-02-17 20:35:06.922,8,138,36.0,1.0,00 20 8A 00 24 00 01 81
2026-02-17 20:35:07.440,8,138,37.0,1.0,00 20 8A 00 25 00 01 81
2026-02-17 20:35:07.936,8,138,28.0,1.0,00 20 8A 00 1C 00 01 81
2026-02-17 20:35:08.431,8,138,37.0,1.0,00 20 8A 00 25 00 01 81
2026-02-17 20:35:08.928,8,138,35.0,1.0,00 20 8A 00 23 00 01 81
2026-02-17 20:35:09.428,8,138,35.0,2.0,00 20 8A 00 23 00 02 81
2026-02-17 20:35:09.925,8,138,35.0,1.0,00 20 8A 00 23 00 01 81
2026-02-17 20:35:10.439,8,138,35.0,2.0,00 20 8A 00 23 00 02 81
2026-02-17 20:35:10.936,8,138,35.0,1.0,00 20 8A 00 23 00 01 81
2026-02-17 20:35:11.433,8,138,36.0,1.0,00 20 8A 00 24 00 01 81
2026-02-17 20:35:11.931,8,138,36.0,1.0,00 20 8A 00 24 00 01 81
2026-02-17 20:35:12.425,8,138,34.0,2.0,00 20 8A 00 22 00 02 81
2026-02-17 20:35:12.940,8,138,41.0,1.0,00 20 8A 00 29 00 01 81
2026-02-17 20:35:13.438,8,138,34.0,1.0,00 20 8A 00 22 00 01 81
2026-02-17 20:35:13.937,8,138,34.0,2.0,00 20 8A 00 22 00 02 81
2026-02-17 20:35:14.438,8,138,36.0,2.0,00 20 8A 00 24 00 02 81
2026-02-17 20:35:14.939,8,138,35.0,1.0,00 20 8A 00 23 00 01 81
2026-02-17 20:35:15.438,8,138,34.0,1.0,00 20 8A 00 22 00 01 81
2026-02-17 20:35:15.954,8,138,35.0,1.0,00 20 8A 00 23 00 01 81
2026-02-17 20:35:16.440,8,138,34.0,1.0,00 20 8A 00 22 00 01 81
2026-02-17 20:35:16.941,8,138,34.0,1.0,00 20 8A 00 22 00 01 79
2026-02-17 20:35:17.435,8,138,36.0,1.0,00 20 8A 00 24 00 01 82
2026-02-17 20:35:17.950,8,138,36.0,1.0,00 20 8A 00 24 00 01 81
2026-02-17 20:35:18.448,8,138,37.0,1.0,00 20 8A 00 25 00 01 81
2026-02-17 20:35:18.946,8,138,36.0,1.0,00 20 8A 00 24 00 01 81
2026-02-17 20:35:19.445,8,138,34.0,1.0,00 20 8A 00 22 00 01 81
2026-02-17 20:35:19.944,8,138,35.0,1.0,00 20 8A 00 23 00 01 81
2026-02-17 20:35:20.442,8,138,34.0,1.0,00 20 8A 00 22 00 01 81
2026-02-17 20:35:20.940,8,138,33.0,1.0,00 20 8A 00 21 00 01 81
2026-02-17 20:35:21.456,8,138,35.0,1.0,00 20 8A 00 23 00 01 81
2026-02-17 20:35:21.938,8,138,35.0,1.0,00 20 8A 00 23 00 01 81
2026-02-17 20:35:22.454,8,138,35.0,1.0,00 1E 8A 00 23 00 01 81
2026-02-17 20:35:22.955,8,138,34.0,2.0,00 20 8A 00 22 00 02 81
2026-02-17 20:35:23.453,8,138,34.0,2.0,00 20 8A 00 22 00 02 81
2026-02-17 20:35:23.949,8,138,30.0,2.0,00 20 8A 00 1E 00 02 81
2026-02-17 20:35:24.448,7,138,34.0,385.0,00 20 8A 00 22 01 81
2026-02-17 20:35:24.946,8,138,33.0,1.0,00 20 8A 00 21 00 01 81
2026-02-17 20:35:25.456,8,138,35.0,1.0,00 20 8A 00 23 00 01 81
2026-02-17 20:35:25.958,8,138,34.0,1.0,00 20 8A 00 22 00 01 81
2026-02-17 20:35:26.455,8,138,34.0,2.0,00 20 8A 00 22 00 02 81
2026-02-17 20:35:26.952,7,49,,,00 20 31 24 00 01 81
2026-02-17 20:35:27.452,8,138,35.0,1.0,00 20 8A 00 23 00 01 81
2026-02-17 20:35:27.953,8,138,55.0,1.0,00 20 8A 00 37 00 01 81
2026-02-17 20:35:28.455,8,138,35.0,1.0,00 20 8A 00 23 00 01 7A
2026-02-17 20:35:28.955,8,138,34.0,1.0,00 20 8A 00 22 00 01 82
2026-02-17 20:35:29.454,8,138,37.0,1.0,00 20 8A 00 25 00 01 82
2026-02-17 20:35:29.955,8,138,34.0,1.0,00 20 8A 00 22 00 01 81
2026-02-17 20:35:30.454,8,138,35.0,1.0,00 20 8A 00 23 00 01 81
2026-02-17 20:35:30.953,8,138,34.0,1.0,00 20 8A 00 22 00 01 81
2026-02-17 20:35:31.453,8,138,34.0,1.0,00 20 8A 00 22 00 01 81
2026-02-17 20:35:31.967,8,138,38.0,1.0,00 20 8A 00 26 00 01 81
2026-02-17 20:35:32.467,8,138,35.0,1.0,00 20 8A 00 23 00 01 81
2026-02-17 20:35:32.965,8,138,35.0,1.0,00 20 8A 00 23 00 01 81
2026-02-17 20:35:33.465,7,138,35.0,385.0,00 20 8A 00 23 01 81
2026-02-17 20:35:33.964,8,138,35.0,1.0,00 20 8A 00 23 00 01 81
2026-02-17 20:35:34.469,8,138,35.0,1.0,00 20 8A 00 23 00 01 81
2026-02-17 20:35:34.958,8,138,34.0,1.0,00 20 8A 00 22 00 01 81
2026-02-17 20:35:35.463,8,138,35.0,1.0,00 20 8A 00 23 00 01 81
2026-02-17 20:35:35.965,8,138,33.0,1.0,00 20 8A 00 21 00 01 81
2026-02-17 20:35:36.467,8,138,48.0,1.0,00 20 8A 00 30 00 01 81
2026-02-17 20:35:36.972,8,138,35.0,2.0,00 20 8A 00 23 00 02 81
2026-02-17 20:35:37.472,8,138,36.0,1.0,00 20 8A 00 24 00 01 81
2026-02-17 20:35:37.961,8,138,36.0,1.0,00 20 8A 00 24 00 01 81
2026-02-17 20:35:38.476,8,138,34.0,1.0,00 20 8A 00 22 00 01 81
2026-02-17 20:35:38.976,8,138,35.0,1.0,00 20 8A 00 23 00 01 81
2026-02-17 20:35:39.477,8,138,34.0,1.0,00 20 8A 00 22 00 01 81
2026-02-17 20:35:39.961,8,138,27.0,1.0,00 20 8A 00 1B 00 01 81
2026-02-17 20:35:40.482,8,138,36.0,1.0,00 20 8A 00 24 00 01 81
2026-02-17 20:35:40.967,8,138,35.0,1.0,00 20 8A 00 23 00 01 81
2026-02-17 20:35:41.469,8,138,36.0,1.0,00 20 8A 00 24 00 01 81
2026-02-17 20:35:41.985,8,138,42.0,1.0,00 20 8A 00 2A 00 01 81
2026-02-17 20:35:42.470,8,138,34.0,1.0,00 20 8A 00 22 00 01 81
2026-02-17 20:35:42.968,8,138,36.0,1.0,00 20 8A 00 24 00 01 81
2026-02-17 20:35:43.470,8,138,34.0,1.0,00 20 8A 00 22 00 01 81
2026-02-17 20:35:43.972,8,138,35.0,2.0,00 20 8A 00 23 00 02 81
2026-02-17 20:35:44.474,8,138,32.0,1.0,00 20 8A 00 20 00 01 81
2026-02-17 20:35:44.971,8,138,46.0,1.0,00 20 8A 00 2E 00 01 81
2026-02-17 20:35:45.477,8,138,34.0,1.0,00 20 8A 00 22 00 01 81
2026-02-17 20:35:45.983,8,138,34.0,1.0,00 20 8A 00 22 00 01 81
2026-02-17 20:35:46.485,8,138,35.0,1.0,00 1F 8A 00 23 00 01 81
2026-02-17 20:35:46.973,8,138,34.0,1.0,00 20 8A 00 22 00 01 81
2026-02-17 20:35:47.477,8,138,34.0,1.0,00 20 8A 00 22 00 01 81
2026-02-17 20:35:47.982,8,138,35.0,1.0,00 20 8A 00 23 00 01 79
2026-02-17 20:35:48.486,8,138,35.0,1.0,00 20 8A 00 23 00 01 82
2026-02-17 20:35:48.993,8,138,34.0,1.0,00 20 8A 00 22 00 01 82
2026-02-17 20:35:49.483,8,138,36.0,1.0,00 20 8A 00 24 00 01 81
2026-02-17 20:35:49.987,8,138,36.0,1.0,00 20 8A 00 24 00 01 81
2026-02-17 20:35:50.474,8,138,35.0,1.0,00 19 8A 00 23 00 01 81
2026-02-17 20:35:50.994,8,138,24.0,1.0,00 20 8A 00 18 00 01 81
2026-02-17 20:35:51.510,8,138,35.0,1.0,00 20 8A 00 23 00 01 81
2026-02-17 20:35:52.008,8,138,33.0,1.0,00 20 8A 00 21 00 01 81
2026-02-17 20:35:52.507,8,138,35.0,1.0,00 20 8A 00 23 00 01 81
2026-02-17 20:35:53.025,8,138,32.0,1.0,00 20 8A 00 20 00 01 81
2026-02-17 20:35:53.516,8,138,35.0,1.0,00 20 8A 00 23 00 01 81
2026-02-17 20:35:54.020,8,138,32.0,1.0,00 20 8A 00 20 00 01 81
2026-02-17 20:35:54.507,8,138,35.0,1.0,00 20 8A 00 23 00 01 81
2026-02-17 20:35:55.022,8,138,34.0,2.0,00 20 8A 00 22 00 02 81
2026-02-17 20:35:55.509,8,138,34.0,1.0,00 20 8A 00 22 00 01 81
2026-02-17 20:35:56.020,8,138,28.0,1.0,00 20 8A 00 1C 00 01 81
2026-02-17 20:35:56.522,8,138,35.0,1.0,00 20 8A 00 23 00 01 81
2026-02-17 20:35:57.020,7,138,23.0,385.0,00 20 8A 00 17 01 81
2026-02-17 20:35:57.523,8,138,35.0,1.0,00 20 8A 00 23 00 01 81
2026-02-17 20:35:58.010,7,49,,,00 20 31 23 00 01 81
2026-02-17 20:35:58.528,8,138,36.0,1.0,00 1F 8A 00 24 00 01 79
2026-02-17 20:35:59.011,8,138,35.0,1.0,00 20 8A 00 23 00 01 82
2026-02-17 20:35:59.526,8,138,38.0,1.0,00 20 8A 00 26 00 01 82
2026-02-17 20:36:00.029,8,138,27.0,1.0,00 20 8A 00 1B 00 01 81
2026-02-17 20:36:00.526,8,138,34.0,1.0,00 20 8A 00 22 00 01 81
2026-02-17 20:36:01.026,8,138,35.0,1.0,00 20 8A 00 23 00 01 81
2026-02-17 20:36:01.513,8,138,38.0,1.0,00 20 8A 00 26 00 01 81
2026-02-17 20:36:02.029,8,138,35.0,1.0,00 20 8A 00 23 00 01 81
2026-02-17 20:36:02.517,8,138,33.0,2.0,00 20 8A 00 21 00 02 81
2026-02-17 20:36:03.019,8,138,34.0,2.0,00 20 8A 00 22 00 02 81
2026-02-17 20:36:03.537,8,138,36.0,2.0,00 20 8A 00 24 00 02 81
2026-02-17 20:36:04.028,8,138,36.0,1.0,00 20 8A 00 24 00 01 81
2026-02-17 20:36:04.531,8,138,37.0,1.0,00 20 8A 00 25 00 01 81
2026-02-17 20:36:05.029,8,138,34.0,2.0,00 20 8A 00 22 00 02 81
2026-02-17 20:36:05.529,8,138,34.0,2.0,00 20 8A 00 22 00 02 81
2026-02-17 20:36:06.031,8,138,35.0,2.0,00 20 8A 00 23 00 02 81
2026-02-17 20:36:06.534,8,138,41.0,1.0,00 20 8A 00 29 00 01 81
2026-02-17 20:36:07.035,8,138,35.0,1.0,00 20 8A 00 23 00 01 81
2026-02-17 20:36:07.523,8,138,36.0,1.0,00 20 8A 00 24 00 01 81
2026-02-17 20:36:08.029,8,138,34.0,1.0,00 20 8A 00 22 00 01 81
2026-02-17 20:36:08.527,8,138,34.0,1.0,00 20 8A 00 22 00 01 81
2026-02-17 20:36:09.029,7,49,,,00 20 31 22 00 01 81
2026-02-17 20:36:09.532,8,138,34.0,1.0,00 20 8A 00 22 00 01 81
2026-02-17 20:36:10.033,8,138,38.0,1.0,00 20 8A 00 26 00 01 81
2026-02-17 20:36:10.537,8,138,34.0,1.0,00 20 8A 00 22 00 01 81
2026-02-17 20:36:11.040,8,138,32.0,2.0,00 20 8A 00 20 00 02 81
2026-02-17 20:36:11.536,8,138,38.0,1.0,00 20 8A 00 26 00 01 81
2026-02-17 20:36:12.037,8,138,36.0,1.0,00 20 8A 00 24 00 01 81
2026-02-17 20:36:12.539,8,138,35.0,1.0,00 20 8A 00 23 00 01 81
2026-02-17 20:36:13.041,8,138,49.0,1.0,00 20 8A 00 31 00 01 81
2026-02-17 20:36:13.542,8,138,34.0,1.0,00 20 8A 00 22 00 01 81
2026-02-17 20:36:14.043,8,138,34.0,2.0,00 20 8A 00 22 00 02 81
2026-02-17 20:36:14.534,8,138,35.0,1.0,00 20 8A 00 23 00 01 81
2026-02-17 20:36:15.039,8,138,37.0,1.0,00 20 8A 00 25 00 01 81
2026-02-17 20:36:15.553,8,138,35.0,1.0,00 20 8A 00 23 00 01 81
2026-02-17 20:36:16.037,8,138,34.0,2.0,00 20 8A 00 22 00 02 81
2026-02-17 20:36:16.548,8,138,35.0,2.0,00 20 8A 00 23 00 02 81
2026-02-17 20:36:17.032,8,138,34.0,1.0,00 20 8A 00 22 00 01 81
2026-02-17 20:36:17.546,8,138,34.0,1.0,00 20 8A 00 22 00 01 81
2026-02-17 20:36:18.044,8,138,34.0,1.0,00 20 8A 00 22 00 01 78
2026-02-17 20:36:18.544,8,138,35.0,2.0,00 20 8A 00 23 00 02 82
2026-02-17 20:36:19.044,8,138,33.0,1.0,00 20 8A 00 21 00 01 81
2026-02-17 20:36:19.546,8,138,34.0,1.0,00 20 8A 00 22 00 01 81
2026-02-17 20:36:20.046,8,138,35.0,1.0,00 20 8A 00 23 00 01 81
2026-02-17 20:36:20.543,8,138,34.0,1.0,00 20 8A 00 22 00 01 81
2026-02-17 20:36:21.058,8,138,35.0,1.0,00 20 8A 00 23 00 01 81
2026-02-17 20:36:21.540,8,138,32.0,1.0,00 20 8A 00 20 00 01 81
2026-02-17 20:36:22.041,8,138,34.0,1.0,00 20 8A 00 22 00 01 81
2026-02-17 20:36:22.554,8,138,35.0,1.0,00 20 8A 00 23 00 01 81
2026-02-17 20:36:23.053,8,138,41.0,1.0,00 20 8A 00 29 00 01 81
2026-02-17 20:36:23.551,8,138,35.0,1.0,00 20 8A 00 23 00 01 81
2026-02-17 20:36:24.052,8,138,35.0,1.0,00 20 8A 00 23 00 01 81
2026-02-17 20:36:24.551,8,138,35.0,1.0,00 20 8A 00 23 00 01 81
2026-02-17 20:36:25.056,8,138,34.0,1.0,00 20 8A 00 22 00 01 81
2026-02-17 20:36:25.552,8,138,36.0,1.0,00 20 8A 00 24 00 01 81
2026-02-17 20:36:26.060,8,138,36.0,1.0,00 20 8A 00 24 00 01 81
2026-02-17 20:36:26.559,8,138,36.0,1.0,00 20 8A 00 24 00 01 81
2026-02-17 20:36:27.056,8,138,33.0,1.0,00 20 8A 00 21 00 01 81
2026-02-17 20:36:27.553,8,138,37.0,1.0,00 20 8A 00 25 00 01 81
2026-02-17 20:36:28.062,8,138,37.0,1.0,00 20 8A 00 25 00 01 81
2026-02-17 20:36:28.559,8,138,35.0,1.0,00 1F 8A 00 23 00 01 81
2026-02-17 20:36:29.058,8,138,33.0,1.0,00 20 8A 00 21 00 01 81
2026-02-17 20:36:29.556,8,138,35.0,2.0,00 20 8A 00 23 00 02 81
2026-02-17 20:36:30.056,8,138,34.0,1.0,00 20 8A 00 22 00 01 81
2026-02-17 20:36:30.552,8,138,33.0,2.0,00 20 8A 00 21 00 02 81
2026-02-17 20:36:31.051,8,138,29.0,1.0,00 20 8A 00 1D 00 01 81
2026-02-17 20:36:31.563,8,138,37.0,2.0,00 20 8A 00 25 00 02 81
2026-02-17 20:36:32.059,8,138,34.0,1.0,00 20 8A 00 22 00 01 81
2026-02-17 20:36:32.557,8,138,34.0,1.0,00 20 8A 00 22 00 01 81
2026-02-17 20:36:33.072,8,138,35.0,1.0,00 20 8A 00 23 00 01 81
2026-02-17 20:36:33.556,8,138,35.0,2.0,00 20 8A 00 23 00 02 81
2026-02-17 20:36:34.056,8,138,37.0,1.0,00 20 8A 00 25 00 01 81
2026-02-17 20:36:34.556,8,138,34.0,1.0,00 1F 8A 00 22 00 01 81
2026-02-17 20:36:35.071,8,138,34.0,1.0,00 20 8A 00 22 00 01 81
2026-02-17 20:36:35.573,8,138,32.0,1.0,00 20 8A 00 20 00 01 81
2026-02-17 20:36:36.071,8,138,34.0,1.0,00 20 8A 00 22 00 01 81
2026-02-17 20:36:36.585,8,138,35.0,1.0,00 20 8A 00 23 00 01 81
2026-02-17 20:36:37.104,8,138,27.0,1.0,00 20 8A 00 1B 00 01 81
2026-02-17 20:36:37.588,8,138,35.0,1.0,00 20 8A 00 23 00 01 81
2026-02-17 20:36:38.089,8,138,30.0,1.0,00 20 8A 00 1E 00 01 81
2026-02-17 20:36:38.608,8,138,36.0,1.0,00 20 8A 00 24 00 01 81
2026-02-17 20:36:39.104,8,138,33.0,2.0,00 20 8A 00 21 00 02 81
2026-02-17 20:36:39.604,8,138,31.0,1.0,00 20 8A 00 1F 00 01 81
2026-02-17 20:36:40.091,8,138,35.0,2.0,00 20 8A 00 23 00 02 81
2026-02-17 20:36:40.595,8,138,34.0,2.0,00 20 8A 00 22 00 02 81
2026-02-17 20:36:41.093,8,138,35.0,2.0,00 20 8A 00 23 00 02 81
2026-02-17 20:36:41.592,8,138,37.0,1.0,00 20 8A 00 25 00 01 81
2026-02-17 20:36:42.107,8,138,37.0,1.0,00 20 8A 00 25 00 01 81
2026-02-17 20:36:42.600,8,138,35.0,1.0,00 20 8A 00 23 00 01 81
2026-02-17 20:36:43.103,8,138,34.0,1.0,00 20 8A 00 22 00 01 81
2026-02-17 20:36:43.602,8,138,34.0,1.0,00 20 8A 00 22 00 01 81
2026-02-17 20:36:44.098,6,138,,,00 20 8A 1C 02 81
2026-02-17 20:36:44.594,8,138,34.0,1.0,00 20 8A 00 22 00 01 81
2026-02-17 20:36:45.106,8,138,35.0,2.0,00 20 8A 00 23 00 02 81
2026-02-17 20:36:45.605,7,49,,,00 20 31 23 00 01 81
2026-02-17 20:36:46.113,8,138,35.0,1.0,00 1F 8A 00 23 00 01 81
2026-02-17 20:36:46.613,8,138,35.0,2.0,00 20 8A 00 23 00 02 81
2026-02-17 20:36:47.113,8,138,37.0,1.0,00 20 8A 00 25 00 01 81
2026-02-17 20:36:47.614,8,138,35.0,1.0,00 20 8A 00 23 00 01 81
2026-02-17 20:36:48.113,8,138,33.0,1.0,00 20 8A 00 21 00 01 81
2026-02-17 20:36:48.611,8,138,35.0,1.0,00 20 8A 00 23 00 01 81
2026-02-17 20:36:49.107,8,138,33.0,1.0,00 20 8A 00 21 00 01 81
2026-02-17 20:36:49.602,8,138,36.0,1.0,00 20 8A 00 24 00 01 81
2026-02-17 20:36:50.115,8,138,34.0,2.0,00 20 8A 00 22 00 02 81
2026-02-17 20:36:50.611,8,138,33.0,1.0,00 20 8A 00 21 00 01 81
2026-02-17 20:36:51.110,8,138,35.0,1.0,00 20 8A 00 23 00 01 81
2026-02-17 20:36:51.620,8,138,36.0,1.0,00 20 8A 00 24 00 01 81
2026-02-17 20:36:52.118,8,138,35.0,1.0,00 20 8A 00 23 00 01 81
2026-02-17 20:36:52.619,8,138,34.0,1.0,00 20 8A 00 22 00 01 81
2026-02-17 20:36:53.117,8,138,37.0,1.0,00 20 8A 00 25 00 01 81
2026-02-17 20:36:53.619,8,138,35.0,1.0,00 20 8A 00 23 00 01 81
2026-02-17 20:36:54.119,8,138,34.0,2.0,00 20 8A 00 22 00 02 81
2026-02-17 20:36:54.614,8,138,37.0,1.0,00 20 8A 00 25 00 01 81
2026-02-17 20:36:55.116,8,138,34.0,2.0,00 20 8A 00 22 00 02 81
2026-02-17 20:36:55.615,8,138,35.0,1.0,00 20 8A 00 23 00 01 81
2026-02-17 20:36:56.116,8,138,41.0,1.0,00 20 8A 00 29 00 01 81
2026-02-17 20:36:56.612,8,138,34.0,1.0,00 20 8A 00 22 00 01 81
2026-02-17 20:36:57.113,8,138,34.0,1.0,00 20 8A 00 22 00 01 81
2026-02-17 20:36:57.630,8,138,33.0,1.0,00 20 8A 00 21 00 01 81
2026-02-17 20:36:58.124,8,138,35.0,2.0,00 20 8A 00 23 00 02 81
2026-02-17 20:36:58.625,8,138,36.0,1.0,00 20 8A 00 24 00 01 81
2026-02-17 20:36:59.126,8,138,32.0,1.0,00 20 8A 00 20 00 01 81
2026-02-17 20:36:59.627,8,138,35.0,2.0,00 20 8A 00 23 00 02 81
2026-02-17 20:37:00.114,8,138,34.0,1.0,00 20 8A 00 22 00 01 81
2026-02-17 20:37:00.617,8,138,28.0,2.0,00 20 8A 00 1C 00 02 81
2026-02-17 20:37:01.126,8,138,38.0,1.0,00 20 8A 00 26 00 01 81
2026-02-17 20:37:01.620,8,138,34.0,2.0,00 20 8A 00 22 00 02 81
2026-02-17 20:37:02.127,8,138,35.0,1.0,00 20 8A 00 23 00 01 81
2026-02-17 20:37:02.618,8,138,28.0,1.0,00 20 8A 00 1C 00 01 81
2026-02-17 20:37:03.126,8,138,36.0,1.0,00 20 8A 00 24 00 01 81
2026-02-17 20:37:03.628,8,138,35.0,1.0,00 20 8A 00 23 00 01 81
2026-02-17 20:37:04.133,8,138,34.0,1.0,00 20 8A 00 22 00 01 81
2026-02-17 20:37:04.641,8,138,35.0,1.0,00 20 8A 00 23 00 01 81
2026-02-17 20:37:05.129,8,138,33.0,2.0,00 20 8A 00 21 00 02 81
2026-02-17 20:37:05.635,8,138,33.0,1.0,00 20 8A 00 21 00 01 81
2026-02-17 20:37:06.127,8,138,36.0,1.0,00 20 8A 00 24 00 01 81
2026-02-17 20:37:06.636,8,138,34.0,2.0,00 20 8A 00 22 00 02 81
2026-02-17 20:37:07.132,8,138,34.0,1.0,00 20 8A 00 22 00 01 81
2026-02-17 20:37:07.625,8,138,34.0,1.0,00 20 8A 00 22 00 01 81
2026-02-17 20:37:08.130,8,138,34.0,2.0,00 20 8A 00 22 00 02 81
2026-02-17 20:37:08.638,8,138,35.0,1.0,00 20 8A 00 23 00 01 81
2026-02-17 20:37:09.141,8,138,35.0,1.0,00 20 8A 00 23 00 01 81
2026-02-17 20:37:09.623,8,138,35.0,1.0,00 20 8A 00 23 00 01 81
2026-02-17 20:37:10.141,8,138,34.0,1.0,00 20 8A 00 22 00 01 81
2026-02-17 20:37:10.645,8,138,33.0,1.0,00 20 8A 00 21 00 01 81
2026-02-17 20:37:11.132,8,138,34.0,1.0,00 20 8A 00 22 00 01 81
2026-02-17 20:37:11.641,8,138,36.0,1.0,00 20 8A 00 24 00 01 81
2026-02-17 20:37:12.143,8,138,35.0,1.0,00 20 8A 00 23 00 01 81
2026-02-17 20:37:12.643,8,138,43.0,1.0,00 20 8A 00 2B 00 01 81
2026-02-17 20:37:13.144,8,138,34.0,1.0,00 20 8A 00 22 00 01 81
2026-02-17 20:37:13.632,8,138,35.0,1.0,00 20 8A 00 23 00 01 81
2026-02-17 20:37:14.139,8,138,34.0,2.0,00 20 8A 00 22 00 02 81
2026-02-17 20:37:14.631,8,138,38.0,1.0,00 20 8A 00 26 00 01 81
2026-02-17 20:37:15.143,8,138,35.0,1.0,00 20 8A 00 23 00 01 81
2026-02-17 20:37:15.643,8,138,36.0,1.0,00 20 8A 00 24 00 01 81
2026-02-17 20:37:16.141,7,138,8704.0,385.0,00 20 8A 22 00 01 81
2026-02-17 20:37:16.656,8,138,34.0,2.0,00 20 8A 00 22 00 02 81
2026-02-17 20:37:17.139,8,138,37.0,1.0,00 20 8A 00 25 00 01 81
2026-02-17 20:37:17.652,8,138,42.0,2.0,00 20 8A 00 2A 00 02 81
2026-02-17 20:37:18.150,8,138,34.0,1.0,00 20 8A 00 22 00 01 81
2026-02-17 20:37:18.648,8,138,34.0,2.0,00 20 8A 00 22 00 02 81
2026-02-17 20:37:19.144,8,138,35.0,2.0,00 22 8A 00 23 00 02 81
2026-02-17 20:37:19.641,8,138,44.0,1.0,00 20 8A 00 2C 00 01 81
2026-02-17 20:37:20.161,8,138,34.0,1.0,00 20 8A 00 22 00 01 81
2026-02-17 20:37:20.647,8,138,35.0,2.0,00 20 8A 00 23 00 02 81
2026-02-17 20:37:21.146,8,138,32.0,1.0,00 20 8A 00 20 00 01 81
2026-02-17 20:37:21.681,8,138,35.0,1.0,00 20 8A 00 23 00 01 81
2026-02-17 20:37:22.178,8,138,36.0,1.0,00 20 8A 00 24 00 01 81
2026-02-17 20:37:22.674,8,138,42.0,1.0,00 20 8A 00 2A 00 01 81
2026-02-17 20:37:23.173,8,138,36.0,1.0,00 20 8A 00 24 00 01 81
2026-02-17 20:37:23.682,8,138,35.0,1.0,00 20 8A 00 23 00 01 81
2026-02-17 20:37:24.172,8,138,28.0,2.0,00 20 8A 00 1C 00 02 81
2026-02-17 20:37:24.684,8,138,31.0,1.0,00 20 8A 00 1F 00 01 81
2026-02-17 20:37:25.181,8,138,36.0,1.0,00 20 8A 00 24 00 01 81
2026-02-17 20:37:25.683,8,138,36.0,1.0,00 20 8A 00 24 00 01 81
2026-02-17 20:37:26.181,8,138,35.0,2.0,00 20 8A 00 23 00 02 81
2026-02-17 20:37:26.682,8,138,35.0,2.0,00 20 8A 00 23 00 02 81
2026-02-17 20:37:27.179,8,138,34.0,1.0,00 20 8A 00 22 00 01 81
2026-02-17 20:37:27.690,8,138,34.0,1.0,00 20 8A 00 22 00 01 81
2026-02-17 20:37:28.185,8,138,35.0,2.0,00 20 8A 00 23 00 02 81
2026-02-17 20:37:28.686,8,138,35.0,1.0,00 20 8A 00 23 00 01 81
2026-02-17 20:37:29.189,8,138,35.0,1.0,00 20 8A 00 23 00 01 81
2026-02-17 20:37:29.695,8,138,34.0,1.0,00 20 8A 00 22 00 01 81
2026-02-17 20:37:30.192,8,138,35.0,2.0,00 20 8A 00 23 00 02 81
2026-02-17 20:37:30.690,8,138,35.0,2.0,00 20 8A 00 23 00 02 81
2026-02-17 20:37:31.189,8,138,34.0,2.0,00 20 8A 00 22 00 02 81
2026-02-17 20:37:31.687,8,138,34.0,1.0,00 20 8A 00 22 00 01 81
2026-02-17 20:37:32.185,8,138,33.0,2.0,00 20 8A 00 21 00 02 81
2026-02-17 20:37:32.684,8,138,29.0,1.0,00 20 8A 00 1D 00 01 81
2026-02-17 20:37:33.198,8,138,27.0,2.0,00 20 8A 00 1B 00 02 81
2026-02-17 20:37:33.697,8,138,40.0,2.0,00 20 8A 00 28 00 02 81
2026-02-17 20:37:34.195,8,138,36.0,2.0,00 20 8A 00 24 00 02 81
2026-02-17 20:37:34.693,8,138,34.0,2.0,00 20 8A 00 22 00 02 81
2026-02-17 20:37:35.194,8,138,34.0,2.0,00 20 8A 00 22 00 02 81
2026-02-17 20:37:35.691,8,138,35.0,2.0,00 20 8A 00 23 00 02 81
2026-02-17 20:37:36.191,8,138,35.0,1.0,00 20 8A 00 23 00 01 81
2026-02-17 20:37:36.705,8,138,34.0,2.0,00 20 8A 00 22 00 02 81
2026-02-17 20:37:37.190,8,138,34.0,1.0,00 20 8A 00 22 00 01 81
2026-02-17 20:37:37.690,8,138,35.0,1.0,00 20 8A 00 23 00 01 81
2026-02-17 20:37:38.204,8,138,33.0,1.0,00 20 8A 00 21 00 01 81
2026-02-17 20:37:38.702,8,138,41.0,1.0,00 20 8A 00 29 00 01 81
2026-02-17 20:37:39.201,8,138,34.0,2.0,00 20 8A 00 22 00 02 81
2026-02-17 20:37:39.699,8,138,36.0,1.0,00 20 8A 00 24 00 01 81
2026-02-17 20:37:40.200,8,138,38.0,2.0,00 20 8A 00 26 00 02 81
2026-02-17 20:37:40.696,8,138,34.0,2.0,00 20 8A 00 22 00 02 81
2026-02-17 20:37:41.194,8,138,34.0,2.0,00 20 8A 00 22 00 02 81
2026-02-17 20:37:41.708,8,138,35.0,1.0,00 20 8A 00 23 00 01 81
2026-02-17 20:37:42.208,8,138,34.0,1.0,00 20 8A 00 22 00 01 81
2026-02-17 20:37:42.707,8,138,35.0,1.0,00 20 8A 00 23 00 01 81
2026-02-17 20:37:43.192,8,138,46.0,1.0,00 20 8A 00 2E 00 01 81
2026-02-17 20:37:43.710,8,138,34.0,2.0,00 20 8A 00 22 00 02 81
2026-02-17 20:37:44.208,8,138,35.0,1.0,00 20 8A 00 23 00 01 81
2026-02-17 20:37:44.706,8,138,34.0,1.0,00 20 8A 00 22 00 01 81
2026-02-17 20:37:45.205,8,138,35.0,1.0,00 20 8A 00 23 00 01 81
2026-02-17 20:37:45.704,8,138,34.0,2.0,00 20 8A 00 22 00 02 81
2026-02-17 20:37:46.204,8,138,35.0,2.0,00 20 8A 00 23 00 02 81
2026-02-17 20:37:46.702,8,138,34.0,1.0,00 20 8A 00 22 00 01 81
2026-02-17 20:37:47.217,8,138,33.0,2.0,00 20 8A 00 21 00 02 81
2026-02-17 20:37:47.703,8,138,34.0,2.0,00 20 8A 00 22 00 02 81
2026-02-17 20:37:48.202,8,138,35.0,1.0,00 20 8A 00 23 00 01 81
2026-02-17 20:37:48.715,8,138,36.0,1.0,00 20 8A 00 24 00 01 81
2026-02-17 20:37:49.213,8,138,21.0,1.0,00 20 8A 00 15 00 01 81
2026-02-17 20:37:49.710,8,138,37.0,1.0,00 20 8A 00 25 00 01 81
2026-02-17 20:37:50.224,8,138,35.0,2.0,00 20 8A 00 23 00 02 81
2026-02-17 20:37:50.722,8,138,36.0,2.0,00 20 8A 00 24 00 02 81
2026-02-17 20:37:51.223,8,138,34.0,1.0,00 20 8A 00 22 00 01 81
2026-02-17 20:37:51.705,8,138,36.0,1.0,00 20 8A 00 24 00 01 81
2026-02-17 20:37:52.219,8,138,34.0,1.0,00 20 8A 00 22 00 01 81
2026-02-17 20:37:52.720,8,138,36.0,2.0,00 20 8A 00 24 00 02 81
2026-02-17 20:37:53.218,8,138,33.0,1.0,00 20 8A 00 21 00 01 81
2026-02-17 20:37:53.715,8,138,35.0,2.0,00 20 8A 00 23 00 02 81
2026-02-17 20:37:54.216,8,138,35.0,1.0,00 20 8A 00 23 00 01 81
2026-02-17 20:37:54.715,8,138,54.0,1.0,00 20 8A 00 36 00 01 81
2026-02-17 20:37:55.211,8,138,34.0,2.0,00 20 8A 00 22 00 02 81
2026-02-17 20:37:55.725,7,138,36.0,641.0,00 20 8A 00 24 02 81
2026-02-17 20:37:56.222,8,138,34.0,1.0,00 20 8A 00 22 00 01 81
2026-02-17 20:37:56.722,8,138,34.0,2.0,00 20 8A 00 22 00 02 81
2026-02-17 20:37:57.220,8,138,41.0,2.0,00 20 8A 00 29 00 02 81
2026-02-17 20:37:57.719,8,138,34.0,2.0,00 20 8A 00 22 00 02 81
2026-02-17 20:37:58.219,8,138,39.0,2.0,00 20 8A 00 27 00 02 81
2026-02-17 20:37:58.717,8,138,35.0,1.0,00 20 8A 00 23 00 01 81
2026-02-17 20:37:59.228,8,138,34.0,1.0,00 20 8A 00 22 00 01 81
2026-02-17 20:37:59.727,8,138,27.0,1.0,00 20 8A 00 1B 00 01 81
2026-02-17 20:38:00.230,8,138,35.0,2.0,00 20 8A 00 23 00 02 81
2026-02-17 20:38:00.728,8,138,34.0,1.0,00 20 8A 00 22 00 01 81
2026-02-17 20:38:01.228,8,138,33.0,1.0,00 20 8A 00 21 00 01 81
2026-02-17 20:38:01.723,8,138,35.0,1.0,00 20 8A 00 23 00 01 81
2026-02-17 20:38:02.223,8,138,37.0,1.0,00 20 8A 00 25 00 01 81
2026-02-17 20:38:02.737,8,138,35.0,1.0,00 20 8A 00 23 00 01 81
2026-02-17 20:38:03.219,8,138,35.0,2.0,00 20 8A 00 23 00 02 81
2026-02-17 20:38:03.720,8,138,35.0,2.0,00 20 8A 00 23 00 02 81
2026-02-17 20:38:04.233,8,138,35.0,1.0,00 20 8A 00 23 00 01 81
2026-02-17 20:38:04.732,8,138,42.0,1.0,00 20 8A 00 2A 00 01 81
2026-02-17 20:38:05.228,8,138,34.0,2.0,00 20 8A 00 22 00 02 81
2026-02-17 20:38:05.723,8,138,42.0,1.0,00 1D 8A 00 2A 00 01 81
2026-02-17 20:38:06.235,8,138,35.0,1.0,00 20 8A 00 23 00 01 81
2026-02-17 20:38:06.761,8,138,34.0,2.0,00 20 8A 00 22 00 02 81
2026-02-17 20:38:07.255,8,138,34.0,1.0,00 20 8A 00 22 00 01 81
2026-02-17 20:38:07.752,8,138,36.0,1.0,00 20 8A 00 24 00 01 81
2026-02-17 20:38:08.265,8,138,34.0,1.0,00 20 8A 00 22 00 01 81
2026-02-17 20:38:08.760,8,138,36.0,1.0,00 20 8A 00 24 00 01 81
2026-02-17 20:38:09.257,8,138,34.0,2.0,00 20 8A 00 22 00 02 81
2026-02-17 20:38:09.753,8,138,41.0,2.0,00 20 8A 00 29 00 02 81
2026-02-17 20:38:10.264,8,138,34.0,1.0,00 20 8A 00 22 00 01 81
2026-02-17 20:38:10.764,8,138,34.0,1.0,00 20 8A 00 22 00 01 81
2026-02-17 20:38:11.262,8,138,35.0,1.0,00 20 8A 00 23 00 01 81
2026-02-17 20:38:11.777,8,138,34.0,1.0,00 20 8A 00 22 00 01 81
2026-02-17 20:38:12.272,8,138,36.0,2.0,00 20 8A 00 24 00 02 81
2026-02-17 20:38:12.767,8,138,29.0,1.0,00 20 8A 00 1D 00 01 81
2026-02-17 20:38:13.267,8,138,36.0,1.0,00 20 8A 00 24 00 01 81
2026-02-17 20:38:13.766,8,138,34.0,1.0,00 20 8A 00 22 00 01 81
2026-02-17 20:38:14.264,8,138,34.0,2.0,00 20 8A 00 22 00 02 81
2026-02-17 20:38:14.763,8,138,34.0,2.0,00 20 8A 00 22 00 02 81
2026-02-17 20:38:15.276,8,138,36.0,1.0,00 20 8A 00 24 00 01 81
2026-02-17 20:38:15.772,8,138,35.0,1.0,00 20 8A 00 23 00 01 81
2026-02-17 20:38:16.268,8,138,28.0,2.0,00 20 8A 00 1C 00 02 81
2026-02-17 20:38:16.765,8,138,34.0,1.0,00 20 8A 00 22 00 01 81
2026-02-17 20:38:17.267,8,138,34.0,2.0,00 20 8A 00 22 00 02 81
2026-02-17 20:38:17.766,8,138,35.0,2.0,00 20 8A 00 23 00 02 81
2026-02-17 20:38:18.263,8,138,35.0,2.0,00 20 8A 00 23 00 02 81
2026-02-17 20:38:18.775,8,138,34.0,1.0,00 20 8A 00 22 00 01 81
2026-02-17 20:38:19.276,8,138,34.0,1.0,00 20 8A 00 22 00 01 81
2026-02-17 20:38:19.773,8,138,34.0,1.0,00 20 8A 00 22 00 01 81
2026-02-17 20:38:20.271,8,138,33.0,2.0,00 20 8A 00 21 00 02 81
2026-02-17 20:38:20.785,8,138,32.0,1.0,00 20 8A 00 20 00 01 81
2026-02-17 20:38:21.284,8,138,35.0,2.0,00 20 8A 00 23 00 02 81
2026-02-17 20:38:21.779,8,138,36.0,1.0,00 20 8A 00 24 00 01 81
2026-02-17 20:38:22.278,8,138,42.0,1.0,00 20 8A 00 2A 00 01 81
2026-02-17 20:38:22.774,8,138,33.0,1.0,00 20 8A 00 21 00 01 81
2026-02-17 20:38:23.286,8,138,36.0,2.0,00 20 8A 00 24 00 02 81
2026-02-17 20:38:23.786,8,138,35.0,1.0,00 20 8A 00 23 00 01 81
2026-02-17 20:38:24.284,8,138,33.0,2.0,00 20 8A 00 21 00 02 81
2026-02-17 20:38:24.784,8,138,28.0,1.0,00 20 8A 00 1C 00 01 81
2026-02-17 20:38:25.279,8,138,34.0,1.0,00 20 8A 00 22 00 01 81
2026-02-17 20:38:25.794,8,138,35.0,2.0,00 20 8A 00 23 00 02 81
2026-02-17 20:38:26.275,8,138,35.0,1.0,00 20 8A 00 23 00 01 81
2026-02-17 20:38:26.788,8,138,28.0,2.0,00 20 8A 00 1C 00 02 81
2026-02-17 20:38:27.286,8,138,37.0,2.0,00 20 8A 00 25 00 02 81
2026-02-17 20:38:27.783,8,138,35.0,2.0,00 20 8A 00 23 00 02 81
2026-02-17 20:38:28.280,8,138,34.0,1.0,00 20 8A 00 22 00 01 81
2026-02-17 20:38:28.790,8,138,28.0,1.0,00 20 8A 00 1C 00 01 81
2026-02-17 20:38:29.286,8,138,35.0,1.0,00 20 8A 00 23 00 01 81
2026-02-17 20:38:29.785,8,138,34.0,2.0,00 20 8A 00 22 00 02 81
2026-02-17 20:38:30.281,8,138,36.0,1.0,00 20 8A 00 24 00 01 81
2026-02-17 20:38:30.802,8,138,35.0,1.0,00 20 8A 00 23 00 01 81
2026-02-17 20:38:31.295,8,138,36.0,2.0,00 20 8A 00 24 00 02 81
2026-02-17 20:38:31.784,8,138,35.0,1.0,00 20 8A 00 23 00 01 81
2026-02-17 20:38:32.286,8,138,35.0,1.0,00 20 8A 00 23 00 01 81
2026-02-17 20:38:32.795,8,138,35.0,2.0,00 22 8A 00 23 00 02 81
2026-02-17 20:38:33.292,8,138,35.0,1.0,00 20 8A 00 23 00 01 81
2026-02-17 20:38:33.789,8,138,35.0,1.0,00 20 8A 00 23 00 01 7A
2026-02-17 20:38:34.303,8,138,36.0,2.0,00 20 8A 00 24 00 02 82
2026-02-17 20:38:34.787,8,138,34.0,2.0,00 20 8A 00 22 00 02 81
2026-02-17 20:38:35.301,8,138,35.0,2.0,00 20 8A 00 23 00 02 82
2026-02-17 20:38:35.797,8,138,41.0,1.0,00 20 8A 00 29 00 01 81
2026-02-17 20:38:36.295,8,138,35.0,1.0,00 20 8A 00 23 00 01 81
2026-02-17 20:38:36.790,8,138,34.0,2.0,00 20 8A 00 22 00 02 81
2026-02-17 20:38:37.300,8,138,37.0,1.0,00 20 8A 00 25 00 01 81
2026-02-17 20:38:37.796,8,138,32.0,1.0,00 20 8A 00 20 00 01 81
2026-02-17 20:38:38.292,8,138,35.0,1.0,00 1F 8A 00 23 00 01 81
2026-02-17 20:38:38.805,8,138,34.0,1.0,00 20 8A 00 22 00 01 81
2026-02-17 20:38:39.289,8,138,34.0,1.0,00 20 8A 00 22 00 01 81
2026-02-17 20:38:39.804,8,138,35.0,1.0,00 20 8A 00 23 00 01 81
2026-02-17 20:38:40.302,8,138,34.0,1.0,00 20 8A 00 22 00 01 81
2026-02-17 20:38:40.800,8,138,35.0,2.0,00 20 8A 00 23 00 02 81
2026-02-17 20:38:41.301,8,138,35.0,1.0,00 20 8A 00 23 00 01 81
2026-02-17 20:38:41.802,8,138,36.0,1.0,00 1F 8A 00 24 00 01 81
2026-02-17 20:38:42.302,8,138,35.0,1.0,00 20 8A 00 23 00 01 81
2026-02-17 20:38:42.800,8,138,35.0,2.0,00 20 8A 00 23 00 02 81
2026-02-17 20:38:43.300,8,138,38.0,1.0,00 20 8A 00 26 00 01 81
2026-02-17 20:38:43.797,8,138,34.0,2.0,00 20 8A 00 22 00 02 81
2026-02-17 20:38:44.297,8,138,35.0,1.0,00 20 8A 00 23 00 01 81
2026-02-17 20:38:44.812,8,138,35.0,1.0,00 20 8A 00 23 00 01 81
2026-02-17 20:38:45.310,8,138,35.0,1.0,00 20 8A 00 23 00 01 81
2026-02-17 20:38:45.810,8,138,34.0,1.0,00 20 8A 00 22 00 01 81
2026-02-17 20:38:46.310,8,138,35.0,1.0,00 20 8A 00 23 00 01 81
2026-02-17 20:38:46.808,8,138,46.0,1.0,00 20 8A 00 2E 00 01 81
2026-02-17 20:38:47.305,6,49,,,00 20 31 23 02 81
2026-02-17 20:38:47.808,8,138,32.0,2.0,00 20 8A 00 20 00 02 81
2026-02-17 20:38:48.308,8,138,35.0,1.0,00 20 8A 00 23 00 01 81
2026-02-17 20:38:48.809,7,138,35.0,160.0,00 22 8A 00 23 00 A0
2026-02-17 20:38:49.308,8,138,34.0,1.0,00 20 8A 00 22 00 01 81
2026-02-17 20:38:49.823,8,138,35.0,2.0,00 20 8A 00 23 00 02 81
2026-02-17 20:38:50.321,8,138,51.0,1.0,00 20 8A 00 33 00 01 81
2026-02-17 20:38:50.822,8,138,35.0,1.0,00 20 8A 00 23 00 01 81
2026-02-17 20:38:51.318,8,138,34.0,1.0,00 20 8A 00 22 00 01 81
2026-02-17 20:38:51.846,8,138,34.0,1.0,00 20 8A 00 22 00 01 81
2026-02-17 20:38:52.347,8,138,35.0,2.0,00 20 8A 00 23 00 02 81
2026-02-17 20:38:52.846,8,138,34.0,2.0,00 20 8A 00 22 00 02 81
2026-02-17 20:38:53.347,8,138,31.0,1.0,00 20 8A 00 1F 00 01 81
2026-02-17 20:38:53.844,8,138,34.0,1.0,00 20 8A 00 22 00 01 81
2026-02-17 20:38:54.340,8,138,32.0,2.0,00 20 8A 00 20 00 02 81
2026-02-17 20:38:54.842,8,138,35.0,2.0,00 20 8A 00 23 00 02 81
2026-02-17 20:38:55.341,8,138,34.0,2.0,00 20 8A 00 22 00 02 81
2026-02-17 20:38:55.858,8,138,35.0,1.0,00 20 8A 00 23 00 01 81
2026-02-17 20:38:56.354,8,138,35.0,1.0,00 1F 8A 00 23 00 01 81
2026-02-17 20:38:56.851,8,138,35.0,1.0,00 20 8A 00 23 00 01 81
2026-02-17 20:38:57.346,8,138,38.0,1.0,00 20 8A 00 26 00 01 81
2026-02-17 20:38:57.845,8,138,35.0,1.0,00 20 8A 00 23 00 01 81
2026-02-17 20:38:58.345,8,138,35.0,1.0,00 20 8A 00 23 00 01 81
2026-02-17 20:38:58.842,8,138,35.0,2.0,00 20 8A 00 23 00 02 81
2026-02-17 20:38:59.352,8,138,36.0,2.0,00 20 8A 00 24 00 02 81
2026-02-17 20:38:59.850,8,138,35.0,2.0,00 20 8A 00 23 00 02 81
2026-02-17 20:39:00.350,8,138,27.0,1.0,00 20 8A 00 1B 00 01 81
2026-02-17 20:39:00.863,8,138,36.0,2.0,00 20 8A 00 24 00 02 81
2026-02-17 20:39:01.360,8,138,28.0,2.0,00 20 8A 00 1C 00 02 81
2026-02-17 20:39:01.858,8,138,34.0,2.0,00 20 8A 00 22 00 02 81
2026-02-17 20:39:02.356,7,138,8704.0,641.0,00 20 8A 22 00 02 81
2026-02-17 20:39:02.865,8,138,34.0,2.0,00 20 8A 00 22 00 02 81
2026-02-17 20:39:03.347,8,138,33.0,1.0,00 20 8A 00 21 00 01 81
2026-02-17 20:39:03.861,8,138,35.0,1.0,00 20 8A 00 23 00 01 81
2026-02-17 20:39:04.358,8,138,35.0,2.0,00 20 8A 00 23 00 02 81
2026-02-17 20:39:04.857,8,138,34.0,1.0,00 20 8A 00 22 00 01 81
2026-02-17 20:39:05.353,8,138,37.0,1.0,00 20 8A 00 25 00 01 81
2026-02-17 20:39:05.855,8,138,34.0,1.0,00 20 8A 00 22 00 01 81
2026-02-17 20:39:06.368,8,138,35.0,2.0,00 20 8A 00 23 00 02 81
2026-02-17 20:39:06.851,8,138,34.0,1.0,00 20 8A 00 22 00 01 81
2026-02-17 20:39:07.363,8,138,28.0,1.0,00 20 8A 00 1C 00 01 81
2026-02-17 20:39:07.863,8,138,35.0,2.0,00 20 8A 00 23 00 02 81
2026-02-17 20:39:08.361,8,138,33.0,2.0,00 20 8A 00 21 00 02 81
2026-02-17 20:39:08.859,8,138,34.0,1.0,00 20 8A 00 22 00 01 81
2026-02-17 20:39:09.359,8,138,28.0,2.0,00 20 8A 00 1C 00 02 81
2026-02-17 20:39:09.874,8,138,35.0,2.0,00 20 8A 00 23 00 02 81
2026-02-17 20:39:10.353,8,138,39.0,1.0,00 20 8A 00 27 00 01 81
2026-02-17 20:39:10.868,8,138,37.0,1.0,00 20 8A 00 25 00 01 81
2026-02-17 20:39:11.364,8,138,35.0,2.0,00 20 8A 00 23 00 02 81
2026-02-17 20:39:11.861,8,138,35.0,1.0,00 20 8A 00 23 00 01 81
2026-02-17 20:39:12.373,7,138,8960.0,641.0,00 20 8A 23 00 02 81
2026-02-17 20:39:12.857,8,138,36.0,1.0,00 20 8A 00 24 00 01 81
2026-02-17 20:39:13.371,8,138,35.0,1.0,00 20 8A 00 23 00 01 81
2026-02-17 20:39:13.869,8,138,36.0,1.0,00 20 8A 00 24 00 01 81
2026-02-17 20:39:14.366,8,138,37.0,2.0,00 20 8A 00 25 00 02 81
2026-02-17 20:39:14.867,8,138,35.0,2.0,00 20 8A 00 23 00 02 81
2026-02-17 20:39:15.368,8,138,37.0,2.0,00 20 8A 00 25 00 02 81
2026-02-17 20:39:15.868,8,138,35.0,1.0,00 20 8A 00 23 00 01 81
2026-02-17 20:39:16.382,8,138,27.0,1.0,00 20 8A 00 1B 00 01 81
2026-02-17 20:39:16.881,8,138,36.0,2.0,00 20 8A 00 24 00 02 81
2026-02-17 20:39:17.379,8,138,34.0,1.0,00 20 8A 00 22 00 01 82
2026-02-17 20:39:17.866,8,138,35.0,2.0,00 20 8A 00 23 00 02 81
2026-02-17 20:39:18.379,8,138,36.0,2.0,00 20 8A 00 24 00 02 81
2026-02-17 20:39:18.890,8,138,34.0,1.0,00 20 8A 00 22 00 01 81
2026-02-17 20:39:19.387,8,138,42.0,1.0,00 20 8A 00 2A 00 01 81
2026-02-17 20:39:19.888,8,138,36.0,1.0,00 20 8A 00 24 00 01 81
2026-02-17 20:39:20.385,8,138,37.0,2.0,00 20 8A 00 25 00 02 81
2026-02-17 20:39:20.886,8,138,32.0,2.0,00 20 8A 00 20 00 02 81
2026-02-17 20:39:21.387,8,138,28.0,2.0,00 20 8A 00 1C 00 02 81
2026-02-17 20:39:21.886,8,138,35.0,2.0,00 20 8A 00 23 00 02 81
2026-02-17 20:39:22.400,8,138,34.0,1.0,00 20 8A 00 22 00 01 81
2026-02-17 20:39:22.886,8,138,33.0,1.0,00 20 8A 00 21 00 01 81
2026-02-17 20:39:23.387,8,138,34.0,1.0,00 20 8A 00 22 00 01 81
2026-02-17 20:39:23.885,8,138,34.0,1.0,00 20 8A 00 22 00 01 81
2026-02-17 20:39:24.396,8,138,35.0,1.0,00 20 8A 00 23 00 01 81
2026-02-17 20:39:24.892,8,138,30.0,1.0,00 20 8A 00 1E 00 01 81
2026-02-17 20:39:25.389,8,138,35.0,2.0,00 20 8A 00 23 00 02 81
2026-02-17 20:39:25.905,8,138,35.0,2.0,00 20 8A 00 23 00 02 81
2026-02-17 20:39:26.388,8,138,34.0,2.0,00 20 8A 00 22 00 02 81
2026-02-17 20:39:26.887,8,138,36.0,1.0,00 20 8A 00 24 00 01 81
2026-02-17 20:39:27.398,8,138,35.0,1.0,00 20 8A 00 23 00 01 81
2026-02-17 20:39:27.899,8,138,42.0,1.0,00 20 8A 00 2A 00 01 81
2026-02-17 20:39:28.396,8,138,41.0,1.0,00 20 8A 00 29 00 01 81
2026-02-17 20:39:28.896,7,138,37.0,385.0,00 20 8A 00 25 01 81
2026-02-17 20:39:29.394,8,138,34.0,1.0,00 20 8A 00 22 00 01 81
2026-02-17 20:39:29.891,8,138,34.0,1.0,00 20 8A 00 22 00 01 81
2026-02-17 20:39:30.406,8,138,35.0,2.0,00 20 8A 00 23 00 02 81
2026-02-17 20:39:30.903,8,138,36.0,1.0,00 20 8A 00 24 00 01 81
2026-02-17 20:39:31.402,8,138,37.0,1.0,00 20 8A 00 25 00 01 81
2026-02-17 20:39:31.900,8,138,35.0,1.0,00 20 8A 00 23 00 01 81
2026-02-17 20:39:32.398,8,138,34.0,1.0,00 20 8A 00 22 00 01 81
2026-02-17 20:39:32.898,8,138,36.0,2.0,00 20 8A 00 24 00 02 81
2026-02-17 20:39:33.396,8,138,34.0,1.0,00 20 8A 00 22 00 01 81
2026-02-17 20:39:33.895,8,138,35.0,1.0,00 20 8A 00 23 00 01 81
2026-02-17 20:39:34.410,8,138,35.0,1.0,00 20 8A 00 23 00 01 81
2026-02-17 20:39:34.911,8,138,34.0,2.0,00 20 8A 00 22 00 02 81
2026-02-17 20:39:35.409,8,138,35.0,2.0,00 20 8A 00 23 00 02 81
2026-02-17 20:39:35.907,8,138,35.0,1.0,00 20 8A 00 23 00 01 81
2026-02-17 20:39:36.402,8,138,36.0,1.0,00 20 8A 00 24 00 01 81
2026-02-17 20:39:36.936,8,138,34.0,1.0,00 20 8A 00 22 00 01 81
2026-02-17 20:39:37.435,8,138,28.0,1.0,00 20 8A 00 1C 00 01 81
2026-02-17 20:39:37.934,8,138,34.0,1.0,00 20 8A 00 22 00 01 81
2026-02-17 20:39:38.447,8,138,37.0,1.0,00 20 8A 00 25 00 01 81
2026-02-17 20:39:38.930,8,138,35.0,1.0,00 20 8A 00 23 00 01 81
2026-02-17 20:39:39.443,8,138,28.0,2.0,00 20 8A 00 1C 00 02 81
2026-02-17 20:39:39.942,8,138,34.0,2.0,00 20 8A 00 22 00 02 81
2026-02-17 20:39:40.442,8,138,28.0,2.0,00 20 8A 00 1C 00 02 81
2026-02-17 20:39:40.943,8,138,34.0,1.0,00 20 8A 00 22 00 01 81
2026-02-17 20:39:41.443,8,138,34.0,1.0,00 20 8A 00 22 00 01 81
2026-02-17 20:39:41.939,8,138,36.0,2.0,00 25 8A 00 24 00 02 81
2026-02-17 20:39:42.437,8,138,39.0,1.0,00 20 8A 00 27 00 01 81
2026-02-17 20:39:42.939,8,138,35.0,1.0,00 20 8A 00 23 00 01 81
2026-02-17 20:39:43.437,8,138,32.0,1.0,00 20 8A 00 20 00 01 81
2026-02-17 20:39:43.935,8,138,34.0,2.0,00 20 8A 00 22 00 02 81
2026-02-17 20:39:44.435,8,138,35.0,2.0,00 20 8A 00 23 00 02 81
2026-02-17 20:39:44.949,7,49,,,00 20 31 23 00 01 81
2026-02-17 20:39:45.449,8,138,33.0,1.0,00 20 8A 00 21 00 01 81
2026-02-17 20:39:45.949,8,138,35.0,1.0,00 20 8A 00 23 00 01 81
2026-02-17 20:39:46.439,8,138,41.0,1.0,00 20 8A 00 29 00 01 81
2026-02-17 20:39:46.941,8,138,34.0,1.0,00 20 8A 00 22 00 01 81
2026-02-17 20:39:47.445,8,138,35.0,1.0,00 20 8A 00 23 00 01 81
2026-02-17 20:39:47.937,8,138,35.0,2.0,00 20 8A 00 23 00 02 81
2026-02-17 20:39:48.448,8,138,38.0,2.0,00 20 8A 00 26 00 02 81
2026-02-17 20:39:48.943,8,138,15.0,1.0,00 20 8A 00 0F 00 01 81
2026-02-17 20:39:49.449,8,138,35.0,1.0,00 20 8A 00 23 00 01 81
2026-02-17 20:39:49.947,8,138,35.0,1.0,00 20 8A 00 23 00 01 81
2026-02-17 20:39:50.440,8,138,36.0,1.0,00 20 8A 00 24 00 01 81
2026-02-17 20:39:50.948,8,138,36.0,1.0,00 20 8A 00 24 00 01 81
2026-02-17 20:39:51.434,8,138,37.0,1.0,00 20 8A 00 25 00 01 81
2026-02-17 20:39:51.954,8,138,34.0,2.0,00 20 8A 00 22 00 02 81
2026-02-17 20:39:52.449,8,138,35.0,1.0,00 20 8A 00 23 00 01 81
2026-02-17 20:39:52.936,8,138,35.0,1.0,00 20 8A 00 23 00 01 81
2026-02-17 20:39:53.454,8,138,37.0,1.0,00 20 8A 00 25 00 01 81
2026-02-17 20:39:53.945,8,138,34.0,1.0,00 20 8A 00 22 00 01 81
2026-02-17 20:39:54.454,8,138,37.0,1.0,00 20 8A 00 25 00 01 81
2026-02-17 20:39:54.949,8,138,32.0,2.0,00 20 8A 00 20 00 02 81
2026-02-17 20:39:55.457,8,138,34.0,1.0,00 20 8A 00 22 00 01 81
2026-02-17 20:39:55.969,8,138,37.0,1.0,00 20 8A 00 25 00 01 81
2026-02-17 20:39:56.459,8,138,36.0,1.0,00 20 8A 00 24 00 01 81
2026-02-17 20:39:56.953,8,138,35.0,1.0,00 20 8A 00 23 00 01 81
2026-02-17 20:39:57.449,8,138,42.0,1.0,00 20 8A 00 2A 00 01 81
2026-02-17 20:39:57.960,8,138,32.0,1.0,00 20 8A 00 20 00 01 81
2026-02-17 20:39:58.456,8,138,34.0,2.0,00 20 8A 00 22 00 02 81
2026-02-17 20:39:58.952,8,138,37.0,1.0,00 20 8A 00 25 00 01 81
2026-02-17 20:39:59.468,8,138,42.0,2.0,00 20 8A 00 2A 00 02 81
2026-02-17 20:39:59.968,8,138,42.0,1.0,00 20 8A 00 2A 00 01 81
2026-02-17 20:40:00.465,8,138,38.0,1.0,00 20 8A 00 26 00 01 81
2026-02-17 20:40:00.963,8,138,34.0,1.0,00 20 8A 00 22 00 01 81
2026-02-17 20:40:01.459,8,138,36.0,2.0,00 20 8A 00 24 00 02 81
2026-02-17 20:40:01.960,8,138,35.0,2.0,00 20 8A 00 23 00 02 81
2026-02-17 20:40:02.464,8,138,34.0,1.0,00 20 8A 00 22 00 01 81
2026-02-17 20:40:02.975,8,138,35.0,1.0,00 20 8A 00 23 00 01 81
2026-02-17 20:40:03.457,8,138,36.0,2.0,00 20 8A 00 24 00 02 81
2026-02-17 20:40:03.969,8,138,35.0,1.0,00 20 8A 00 23 00 01 81
2026-02-17 20:40:04.469,8,138,35.0,2.0,00 20 8A 00 23 00 02 81
2026-02-17 20:40:04.963,8,138,34.0,2.0,00 20 8A 00 22 00 02 81
2026-02-17 20:40:05.471,8,138,36.0,1.0,00 20 8A 00 24 00 01 81
2026-02-17 20:40:05.970,8,138,35.0,2.0,00 20 8A 00 23 00 02 81
2026-02-17 20:40:06.468,8,138,34.0,2.0,00 20 8A 00 22 00 02 81
2026-02-17 20:40:06.965,8,138,34.0,1.0,00 20 8A 00 22 00 01 81
2026-02-17 20:40:07.463,8,138,34.0,1.0,00 20 8A 00 22 00 01 81
2026-02-17 20:40:07.976,8,138,36.0,1.0,00 20 8A 00 24 00 01 81
2026-02-17 20:40:08.471,8,138,34.0,1.0,00 20 8A 00 22 00 01 81
2026-02-17 20:40:08.969,8,138,34.0,2.0,00 20 8A 00 22 00 02 81
2026-02-17 20:40:09.468,8,138,35.0,1.0,00 20 8A 00 23 00 01 81
2026-02-17 20:40:09.971,8,138,37.0,1.0,00 20 8A 00 25 00 01 81
2026-02-17 20:40:10.471,8,138,33.0,1.0,00 20 8A 00 21 00 01 81
2026-02-17 20:40:10.971,8,138,35.0,1.0,00 20 8A 00 23 00 01 81
2026-02-17 20:40:11.484,8,138,34.0,1.0,00 20 8A 00 22 00 01 81
2026-02-17 20:40:11.981,8,138,35.0,1.0,00 20 8A 00 23 00 01 81
2026-02-17 20:40:12.481,8,138,34.0,1.0,00 20 8A 00 22 00 01 81
2026-02-17 20:40:12.977,8,138,36.0,2.0,00 20 8A 00 24 00 02 81
2026-02-17 20:40:13.475,8,138,39.0,2.0,00 20 8A 00 27 00 02 81
2026-02-17 20:40:13.973,8,138,35.0,1.0,00 20 8A 00 23 00 01 81
2026-02-17 20:40:14.471,8,138,37.0,1.0,00 20 8A 00 25 00 01 81
2026-02-17 20:40:14.985,8,138,35.0,1.0,00 20 8A 00 23 00 01 81
2026-02-17 20:40:15.486,8,138,35.0,1.0,00 20 8A 00 23 00 01 81
2026-02-17 20:40:15.984,8,138,36.0,2.0,00 20 8A 00 24 00 02 81
2026-02-17 20:40:16.483,8,138,34.0,1.0,00 20 8A 00 22 00 01 81
2026-02-17 20:40:16.985,8,138,35.0,2.0,00 20 8A 00 23 00 02 81
2026-02-17 20:40:17.479,8,138,34.0,2.0,00 20 8A 00 22 00 02 81
2026-02-17 20:40:17.978,8,138,35.0,1.0,00 20 8A 00 23 00 01 82
2026-02-17 20:40:18.495,8,138,35.0,1.0,00 20 8A 00 23 00 01 81
2026-02-17 20:40:18.979,8,138,36.0,1.0,00 20 8A 00 24 00 01 81
2026-02-17 20:40:19.493,8,138,31.0,2.0,00 20 8A 00 1F 00 02 81
2026-02-17 20:40:19.990,8,138,34.0,1.0,00 20 8A 00 22 00 01 81
2026-02-17 20:40:20.491,8,138,35.0,1.0,00 20 8A 00 23 00 01 81
2026-02-17 20:40:20.990,8,138,35.0,1.0,00 20 8A 00 23 00 01 81
2026-02-17 20:40:21.488,8,138,35.0,1.0,00 20 8A 00 23 00 01 81
2026-02-17 20:40:22.014,8,138,34.0,1.0,00 20 8A 00 22 00 01 81
2026-02-17 20:40:22.526,8,138,37.0,1.0,00 20 8A 00 25 00 01 81
2026-02-17 20:40:23.025,8,138,35.0,1.0,00 1F 8A 00 23 00 01 81
2026-02-17 20:40:23.523,7,138,35.0,385.0,00 20 8A 00 23 01 81
2026-02-17 20:40:24.020,8,138,36.0,1.0,00 20 8A 00 24 00 01 81
2026-02-17 20:40:24.522,8,138,34.0,1.0,00 20 8A 00 22 00 01 81
2026-02-17 20:40:25.017,8,138,35.0,1.0,00 20 8A 00 23 00 01 81
2026-02-17 20:40:25.515,8,138,33.0,1.0,00 20 8A 00 21 00 01 81
2026-02-17 20:40:26.034,8,138,34.0,2.0,00 20 8A 00 22 00 02 81
2026-02-17 20:40:26.522,8,138,35.0,2.0,00 20 8A 00 23 00 02 81
2026-02-17 20:40:27.021,8,138,34.0,1.0,00 20 8A 00 22 00 01 81
2026-02-17 20:40:27.519,8,138,36.0,2.0,00 20 8A 00 24 00 02 81
2026-02-17 20:40:28.030,8,138,45.0,1.0,00 20 8A 00 2D 00 01 81
2026-02-17 20:40:28.528,8,138,34.0,2.0,00 20 8A 00 22 00 02 81
2026-02-17 20:40:29.028,8,138,28.0,2.0,00 20 8A 00 1C 00 02 81
2026-02-17 20:40:29.526,8,138,35.0,1.0,00 20 8A 00 23 00 01 81
2026-02-17 20:40:30.024,8,138,35.0,1.0,00 20 8A 00 23 00 01 81
2026-02-17 20:40:30.524,8,138,34.0,1.0,00 20 8A 00 22 00 01 81
2026-02-17 20:40:31.020,8,138,35.0,2.0,00 22 8A 00 23 00 02 81
2026-02-17 20:40:31.532,8,138,34.0,1.0,00 20 8A 00 22 00 01 81
2026-02-17 20:40:32.032,8,138,37.0,64.0,00 20 8A 00 25 00 40 E0
2026-02-17 20:40:32.529,8,138,34.0,2.0,00 20 8A 00 22 00 02 81
2026-02-17 20:40:33.028,8,138,35.0,2.0,00 20 8A 00 23 00 02 81
2026-02-17 20:40:33.523,8,138,37.0,1.0,00 20 8A 00 25 00 01 81
2026-02-17 20:40:34.038,7,49,,,00 20 31 22 00 01 81
2026-02-17 20:40:34.522,8,138,35.0,1.0,00 20 8A 00 23 00 01 81
2026-02-17 20:40:35.034,8,138,34.0,1.0,00 20 8A 00 22 00 01 81
2026-02-17 20:40:35.530,8,138,37.0,2.0,00 20 8A 00 25 00 02 81
2026-02-17 20:40:36.030,8,138,35.0,1.0,00 20 8A 00 23 00 01 81
2026-02-17 20:40:36.530,8,138,42.0,2.0,00 20 8A 00 2A 00 02 81
2026-02-17 20:40:37.029,8,138,35.0,2.0,00 20 8A 00 23 00 02 81
2026-02-17 20:40:37.530,8,138,35.0,1.0,00 20 8A 00 23 00 01 81
2026-02-17 20:40:38.027,8,138,36.0,1.0,00 20 8A 00 24 00 01 79
2026-02-17 20:40:38.535,8,138,35.0,1.0,00 20 8A 00 23 00 01 82
2026-02-17 20:40:39.033,8,138,35.0,1.0,00 20 8A 00 23 00 01 82
2026-02-17 20:40:39.527,8,138,37.0,1.0,00 20 8A 00 25 00 01 81
2026-02-17 20:40:40.038,8,138,35.0,1.0,00 20 8A 00 23 00 01 81
2026-02-17 20:40:40.534,8,138,35.0,1.0,00 20 8A 00 23 00 01 81
